name,url,source_kind,coverage_notes,mission_area_fit,domain_fit,credibility,status,last_checked,search_notes,recurring_feed_available,recurring_feed_notes,expected_organization_yield,geography,organization_kinds,issuer_coverage,refresh_cadence,canonical_domain_owner,last_successful_discovery,access_limitations,recursive_follow_up_urls,access_method,source_posture,supported_signal_types,last_signal_found,last_successful_refresh
DARIT Technologies official site,https://www.darit.tech/,company_site,Official Canadian counter-UAS company page for identity artificial intelligence and computer vision capability,Autonomous Patrol And Monitoring|Arctic Domain Awareness,Sensing And ISR|Autonomous Systems,high,active,2026-08-02,Follow company capability pages French releases and IDEaS references for durable counter-UAS evidence,yes,Official pages and French releases provide recurring company activity,medium,Canada,company,,monthly,darit.tech,2026-08-02,Company-authored capability claims need government or independent corroboration before publication,https://www.darit.tech/blog|https://www.darit.tech/contact,public_web,evidence_anchor,technology_launch|technology_update|program_or_cohort_participation,2026-02-18,2026-08-02
Prandtl Dynamics official site,https://prandtldynamics.com/,company_site,Official Canadian acoustic counter-UAS sensing company page with public product positioning,Autonomous Patrol And Monitoring|Arctic Domain Awareness,Sensing And ISR|Autonomous Systems,high,active,2026-08-02,Follow acoustic sensing pages CIPO records and IDEaS trial references for durable evidence,yes,Official site and public intellectual property records provide recurring evidence,medium,Canada,company,,monthly,prandtldynamics.com,2026-08-02,Performance and maturity wording requires reviewer confirmation,https://ised-isde.canada.ca/cipo/trademark-search/pdf/2450211?lang=eng,public_web,evidence_anchor,technology_update|program_or_cohort_participation,2026-02-18,2026-08-02
OBJEXIS official site,https://www.objexis.ai/about.html,company_site,Official Oakville company page for artificial intelligence sensing and counter-UAS object classification,Autonomous Patrol And Monitoring|Edge Data Processing,Sensing And ISR|Mission Software And Data,high,active,2026-08-02,Follow about contact and IDEaS references for identity and durable capability evidence,yes,Official company pages provide recurring identity and capability evidence,medium,Canada,company,,monthly,objexis.ai,2026-08-02,Company product framing should remain bounded until independent current activity is confirmed,https://www.objexis.ai/contact.html|https://www.canada.ca/en/department-national-defence/news/2026/02/minister-mcguinty-congratulates-innovators-announces-175m-prize-winners-of-urban-drone-detection-trials-in-ottawa.html,public_web,evidence_anchor,technology_update|program_or_cohort_participation,2026-02-18,2026-08-02
Ravelin Dynamics official site,https://www.ravelindynamics.com/,company_site,Official Newfoundland and Labrador airspace surveillance and defence cueing company page,Autonomous Patrol And Monitoring|Arctic Domain Awareness,Sensing And ISR|Communications And Cyber,high,active,2026-08-02,Follow company pages and IDEaS counter-UAS challenge context for durable identity and capability evidence,no,Official site is the primary recurring source,medium,Canada,company,,monthly,ravelindynamics.com,2026-08-02,Customer and operational adoption claims require independent corroboration,https://www.canada.ca/en/department-national-defence/programs/defence-ideas/element/sandboxes/challenge/counter-uncrewed-aerial-systems-sandbox-2026.html,public_web,evidence_anchor,technology_update|government_project,2026-08-02,2026-08-02
Borealis Propulsion official site,https://borealispropulsion.com/,company_site,Official Vancouver space propulsion company page for liquid electric propulsion and kick-stage systems,Edge Data Processing|Arctic Domain Awareness,Aerospace And Mobility|Advanced Manufacturing And Integration,high,active,2026-08-02,Follow propulsion portfolio manufacturing and Canadian space ecosystem links for durable evidence,no,Official site is the primary recurring source,medium,Canada,company,,monthly,borealispropulsion.com,2026-08-02,Flight heritage and current contract status require independent confirmation,https://www.asc-csa.gc.ca/eng/|https://www.canada.ca/en/innovation-science-economic-development/services/science-technology-innovation.html,public_web,evidence_anchor,technology_launch|technology_update,2026-08-02,2026-08-02
Space Engine Systems official site,https://www.spaceenginesystems.com/about,company_site,Official Edmonton aerospace company page for reusable multi-fuel air-breathing engine research,Edge Data Processing|Arctic Domain Awareness,Aerospace And Mobility|Advanced Manufacturing And Integration,high,active,2026-08-02,Follow about home and public quality or controlled-goods references for bounded propulsion evidence,no,Official site is the primary recurring source,medium,Canada,company,,monthly,spaceenginesystems.com,2026-08-02,Performance maturity and flight claims require independent test or contract evidence,https://www.spaceenginesystems.com/home|https://www.asc-csa.gc.ca/eng/,public_web,evidence_anchor,technology_update,2026-08-02,2026-08-02
AerialX official site,https://www.aerialx.com/about/,company_site,Official Vancouver counter-drone and tactical microdrone company pages,Autonomous Patrol And Monitoring|Arctic Domain Awareness,Autonomous Systems|Sensing And ISR,high,active,2026-08-02,Follow about home and contact pages while checking regulatory and operational boundaries,no,Official pages provide recurring company activity,medium,Canada,company,,monthly,aerialx.com,2026-08-02,Regulated-use descriptions require legal identity and deployment review,https://www.aerialx.com/|https://www.aerialx.com/contacts/,public_web,evidence_anchor,technology_update,2026-08-02,2026-08-02
Dartmouth Ocean Technologies official site,https://www.dartmouthocean.com/about-us/,company_site,Official Dartmouth Nova Scotia ocean technology pages for eDNA samplers lab-on-chip sensors and underwater monitoring,Underwater ISR|Arctic Domain Awareness,Sensing And ISR|Test Training And Sustainment,high,active,2026-08-02,Follow about home and Ocean Supercluster project sources for durable underwater sensing evidence,yes,Official product pages and ocean ecosystem reports provide recurring activity,medium,Canada,company,,monthly,dartmouthocean.com,2026-08-02,Defence customer and procurement evidence remains a reviewer gap,https://www.dartmouthocean.com/|https://oceansupercluster.ca/wp-content/uploads/2022/09/OSC_Annual-Report_Sept-12.pdf,public_web,evidence_anchor,technology_update|partnership_or_consortium,2026-08-02,2026-08-02
Qii.AI official site,https://qii.ai/,company_site,Official Toronto inspection AI platform pages for virtual inspection three-dimensional defect intelligence and machine learning,Underwater ISR|Edge Data Processing,Sensing And ISR|Mission Software And Data,high,active,2026-08-02,Follow AI technology pages and Ocean Supercluster project evidence for durable inspection analytics,yes,Official product pages and project sources provide recurring activity,medium,Canada,company,,monthly,qii.ai,2026-08-02,Time-bounded project relationships and performance claims require reviewer confirmation,https://qii.ai/ai/|https://oceansupercluster.ca/project/canadas-ocean-supercluster-announces-8m-ai-rov-ship-modeling-and-detection-project/,public_web,evidence_anchor,technology_update|government_project|partnership_or_consortium,2023-09-12,2026-08-02
APIS Dynamics official site,https://apisdynamics.ca/,company_site,Official Toronto uncrewed systems control software integration and flight-test company page,Autonomous Patrol And Monitoring|Edge Data Processing,Autonomous Systems|Mission Software And Data|Test Training And Sustainment,high,active,2026-08-02,Follow public integration and test material and use IDEaS as discovery context for durable evidence,no,Official site is the primary recurring source,medium,Canada,company,,monthly,apisdynamics.ca,2026-08-02,Current test-site status and customer evidence require reviewer confirmation,https://www.canada.ca/en/department-national-defence/programs/defence-ideas.html,public_web,evidence_anchor,technology_update|government_project,2026-08-02,2026-08-02
Urban Sandbox C-UAS prize winners,https://www.canada.ca/en/department-national-defence/news/2026/02/minister-mcguinty-congratulates-innovators-announces-175m-prize-winners-of-urban-drone-detection-trials-in-ottawa.html,government_program,Government of Canada announcement naming DARIT Technologies Prandtl Dynamics and OBJEXIS in public urban counter-drone trials,Autonomous Patrol And Monitoring|Arctic Domain Awareness,Sensing And ISR|Autonomous Systems,high,active,2026-08-02,Use the named winners as a recursive follow-up into company pages and public trial context without inferring operational adoption,no,Single government announcement with linked company follow-up paths,high,Canada,company,department,annual,canada.ca,2026-08-02,Prize evidence is time-bounded programme activity rather than a current contract,https://www.canada.ca/en/department-national-defence/programs/defence-ideas/element/sandboxes/challenge/counter-uncrewed-aerial-systems-sandbox-2026.html|https://www.darit.tech/|https://prandtldynamics.com/|https://www.objexis.ai/about.html,public_web,strong_corroboration,program_or_cohort_participation|government_project,2026-02-18,2026-08-02
AI ROV ship modelling and detection project,https://oceansupercluster.ca/project/canadas-ocean-supercluster-announces-8m-ai-rov-ship-modeling-and-detection-project/,government_program,Canada Ocean Supercluster project page naming Qii.AI in an AI ROV ship modelling and detection collaboration,Underwater ISR|Edge Data Processing,Sensing And ISR|Mission Software And Data,high,active,2026-08-02,Use project participants as recursive follow-up paths to company and government sources without inferring current procurement,no,Project announcement with durable partner follow-up paths,high,Canada,company,public_program,annual,oceansupercluster.ca,2026-08-02,Project evidence is historical and should remain time-bounded in review,https://qii.ai/|https://www.dartmouthocean.com/|https://www.canada.ca/en/department-national-defence/programs/defence-ideas.html,public_web,strong_corroboration,government_project|partnership_or_consortium,2023-09-12,2026-08-02
Innovation for Defence Excellence and Security,https://www.canada.ca/en/department-national-defence/programs/defence-ideas.html,government_program,Canadian DND innovation challenges funding sandboxes test drives and innovator journeys,All Mission Areas,All Domains,high,active,2026-04-30,Check opportunities annual reports innovator journeys and challenge pages for Canadian companies and concrete capabilities,unknown,,,,,,,,,,
IDEaS Annual Reports,https://www.canada.ca/en/department-national-defence/corporate/reports-publications/ideas-annual-report-2023-2024.html,government_program,Annual reporting on funded defence innovation activity and ecosystem outcomes,All Mission Areas,All Domains,high,active,2026-04-30,Use annual reports to find funded challenge areas and named projects then follow company or program sources,unknown,,,,,,,,,,
Defence Research and Development Canada,https://www.canada.ca/en/defence-research-development.html,government_program,Canadian defence science technology innovation and research domains,All Mission Areas,All Domains,high,active,2026-04-30,Use as official entry point for DRDC research centres domains news and partnerships,unknown,,,,,,,,,,
DRDC Reports and Publications,https://www.canada.ca/en/defence-research-development/corporate/publications.html,government_program,Official DRDC reports and publications hub linking to scientific and technical research,All Mission Areas,All Domains,high,active,2026-04-30,Search for public reports that support mission context or technical evidence,unknown,,,,,,,,,,
DRDC Defence Research Reports Database,https://pubs.drdc-rddc.gc.ca/pubdocs/search_e.html,government_program,Searchable database of scientific and technical research produced by and for DRDC,All Mission Areas,All Domains,high,active,2026-04-30,Search by autonomy sensing ISR cyber communications Arctic maritime and sustainment terms,unknown,,,,,,,,,,
DRDC Research Priorities,https://www.canada.ca/en/defence-research-development/services/science-technology-program.html,government_program,Strategic focus areas for Canadian defence science and technology including NORAD modernization,All Mission Areas,All Domains,high,active,2026-04-30,Use to align research batches to official public priority areas,unknown,,,,,,,,,,
CanadaBuys Tender Opportunities,https://canadabuys.canada.ca/en/tender-opportunities,procurement_portal,Official Government of Canada tender opportunities including defence procurement notices,All Mission Areas,All Domains,high,active,2026-04-30,Search by National Defence keywords capability terms supplier names and solicitation categories,unknown,,,,,,,,,,
CanadaBuys Tender and Award Datasets,https://donnees-data.tpsgc-pwgsc.gc.ca/ba2/ac-cb/soutien-support-eng.html,procurement_portal,Government guidance for CanadaBuys tender and award notice datasets,All Mission Areas,All Domains,high,active,2026-04-30,Use for structured procurement history and award discovery when source leads need contract context,unknown,,,,,,,,,,
PSPC Defence and Marine Procurement,https://www.canada.ca/en/public-services-procurement/services/acquisitions/defence-marine.html,procurement_portal,Official PSPC page for defence and marine acquisitions on behalf of CAF CCG and departments,Arctic Domain Awareness|Underwater ISR|Northern Logistics And Sustainment Readiness,Maritime Systems|ISR & Sensing|Communications & Infrastructure,high,active,2026-04-30,Use for defence marine acquisition context and links to tenders,unknown,,,,,,,,,,
State of Canada's Defence Industry,https://ised-isde.canada.ca/site/aerospace-defence/en/state-canadas-defence-industry,government_program,ISED and CADSI defence industry indicators and sector context,All Mission Areas,All Domains,high,active,2026-04-30,Use for Canadian sector context and industry categories before company-specific sourcing,unknown,,,,,,,,,,
Canadian Arctic Capabilities by Sector,https://www.international.gc.ca/gac-amc/institution/tcs-sdc/publications/cacg-gcac/cacg-gcac.aspx?lang=eng,government_program,Trade Commissioner overview of Canadian Arctic capabilities by sector including aerospace defence and maritime,Arctic Domain Awareness|Northern Logistics And Sustainment Readiness|Expeditionary Communications Resilience,Maritime Systems|Communications & Infrastructure|ISR & Sensing,high,active,2026-04-30,Use to identify Canadian Arctic industry clusters and follow through to company websites,unknown,,,,,,,,,,
RCN Arctic and Northern Strategic Framework,https://www.canada.ca/en/navy/corporate/what-we-do/vision/arctic-and-northern-strategic-framework.html,government_program,Royal Canadian Navy Arctic and northern strategic context,Arctic Domain Awareness|Underwater ISR|Northern Logistics And Sustainment Readiness,Maritime Systems|ISR & Sensing|Communications & Infrastructure,high,active,2026-04-30,Use for public maritime mission context and Arctic operating constraints,unknown,,,,,,,,,,
DND Evaluation of Arctic Operations,https://www.canada.ca/en/department-national-defence/corporate/reports-publications/audit-evaluation/evaluation-arctic-operations.html,government_program,Public evaluation describing Arctic operations gaps including sensing surveillance and information sharing,Arctic Domain Awareness|Distributed Sensor Networks|Expeditionary Communications Resilience,ISR & Sensing|Cyber & Data|Communications & Infrastructure,high,active,2026-04-30,Use for gap language and mission-context evidence not company claims,unknown,,,,,,,,,,
NATO DIANA Accelerator Programme,https://www.diana.nato.int/accelerator-programme.html,government_program,NATO dual-use accelerator programme with innovators accelerator sites test centres and funding paths,All Mission Areas,All Domains,high,active,2026-04-30,Check challenge cohorts accelerator network and innovator pages for NATO-aligned companies,unknown,,,,,,,,,,
NATO DIANA Challenge Programme,https://www.diana.nato.int/challenges.html,government_program,NATO challenge calls for dual-use deep technology across allied defence and security needs,All Mission Areas,All Domains,high,active,2026-04-30,Use challenges to seed search terms then follow selected innovators to company sources,unknown,,,,,,,,,,
NATO Science and Technology Organization,https://www.nato.int/en/about-us/organization/nato-structure/science-and-technology-organization,government_program,NATO collaborative defence and security science forum with programme areas including autonomy ASW quantum and social media,All Mission Areas,All Domains,high,active,2026-04-30,Use for public NATO science context and programme themes,unknown,,,,,,,,,,
NATO STO Publications,https://www.sto.nato.int/publications,government_program,NATO STO publication library for defence science and technology reports,Underwater ISR|Cyber Mission Assurance For Remote Operations|Autonomous Patrol|Edge Data Processing,Maritime Systems|Cyber & Data|Autonomy & Robotics|ISR & Sensing,high,active,2026-04-30,Search reports for capability context and taxonomy support then cite original publications,unknown,,,,,,,,,,
NATO Centre for Maritime Research and Experimentation,https://www.cmre.nato.int,research_lab,NATO maritime research centre focused on maritime domain science experimentation and prototypes,Underwater ISR|Arctic Domain Awareness|Autonomous Patrol,Maritime Systems|ISR & Sensing|Autonomy & Robotics,high,active,2026-04-30,Use for maritime autonomy sensing and underwater research context,unknown,,,,,,,,,,
Canadian Defence Review,https://canadiandefencereview.com/,publication,Canadian defence and military journal covering industry government and military readers,All Mission Areas,All Domains,moderate,active,2026-04-30,Search for Canadian companies procurement announcements uncrewed systems C4ISR NORAD and Arctic topics,unknown,,,,,,,,,,
Canadian Naval Review Arctic,https://www.navalreview.ca/category/broadsides/arctic/,publication,Canadian naval commentary and articles focused on Arctic naval capability and policy,Arctic Domain Awareness|Underwater ISR|Northern Logistics And Sustainment Readiness,Maritime Systems|ISR & Sensing|Communications & Infrastructure,moderate,active,2026-04-30,Use for Arctic maritime context and source leads that need official corroboration,unknown,,,,,,,,,,
Canadian Naval Review Technology,https://www.navalreview.ca/category/broadsides/technology/,publication,Canadian naval technology commentary including unmanned systems naval modernization and sensors,Underwater ISR|Autonomous Patrol|Edge Data Processing,Maritime Systems|Autonomy & Robotics|Cyber & Data,moderate,active,2026-04-30,Use for technology leads then corroborate with company or official sources,unknown,,,,,,,,,,
Unmanned Systems Technology News,https://www.unmannedsystemstechnology.com/article-types/ust-news/,publication,Industry news on UAV UGV USV AUV UUV sensors payloads autonomy and navigation,Autonomous Patrol|Underwater ISR|Distributed Sensor Networks|Arctic Domain Awareness,Autonomy & Robotics|Maritime Systems|ISR & Sensing,moderate,active,2026-04-30,Search for concrete product announcements then follow company source pages,unknown,,,,,,,,,,
Unmanned Systems Technology Magazine,https://www.unmannedsystemstechnology.com/mag/,publication,Unmanned systems industry coverage across air ground surface and subsea vehicles,Autonomous Patrol|Underwater ISR|Distributed Sensor Networks,Autonomy & Robotics|Maritime Systems|ISR & Sensing,moderate,active,2026-04-30,Use for supplier discovery and payload technology leads,unknown,,,,,,,,,,
Naval News,https://www.navalnews.com/,publication,Naval defence news including maritime systems unmanned platforms sensors and procurement,Underwater ISR|Arctic Domain Awareness|Autonomous Patrol,Maritime Systems|ISR & Sensing|Autonomy & Robotics,moderate,active,2026-04-30,Search for UUV USV ASW sonar Arctic patrol and company announcements,unknown,,,,,,,,,,
Defense News,https://www.defensenews.com/,publication,Global defence industry and procurement news including NATO Arctic unmanned and C4ISR topics,All Mission Areas,All Domains,moderate,active,2026-04-30,Search for company mentions and program context then follow primary sources,unknown,,,,,,,,,,
C4ISRNET,https://www.c4isrnet.com/,publication,Publication focused on C4ISR cyber networks electronic warfare AI and military transformation,Edge Data Processing|Cyber Mission Assurance For Remote Operations|Distributed Sensor Networks|Expeditionary Communications Resilience,Cyber & Data|Communications & Infrastructure|ISR & Sensing,moderate,active,2026-04-30,Search for edge data mission software networks ISR and cyber assurance leads,unknown,,,,,,,,,,
Breaking Defense,https://breakingdefense.com/,publication,Defense news and analysis with C4ISR networks AI unmanned and procurement coverage,All Mission Areas,All Domains,moderate,active,2026-04-30,Use for company and program leads that need corroborating official sources,unknown,,,,,,,,,,
DefenseScoop,https://defensescoop.com/,publication,Defense technology publication covering cyber AI software networks and digital modernization,Cyber Mission Assurance For Remote Operations|Edge Data Processing|Expeditionary Communications Resilience,Cyber & Data|Communications & Infrastructure,moderate,active,2026-04-30,Search for software AI cyber network and mission assurance leads,unknown,,,,,,,,,,
USNI Proceedings,https://www.usni.org/magazines/proceedings,publication,Naval professional publication with analysis on maritime operations unmanned systems and naval strategy,Underwater ISR|Arctic Domain Awareness|Autonomous Patrol,Maritime Systems|Autonomy & Robotics|ISR & Sensing,moderate,active,2026-04-30,Use for concept context and leads that need official or company corroboration,unknown,,,,,,,,,,
COVE,https://coveocean.com/,research_lab,Canadian ocean technology hub and NATO DIANA accelerator site,Underwater ISR|Arctic Domain Awareness|Autonomous Patrol,Maritime Systems|Autonomy & Robotics|ISR & Sensing,high,active,2026-04-30,Check member companies programmes DIANA activity and ocean technology news,unknown,,,,,,,,,,
CADSI Canada Pavilion,https://www.canadapavilion.ca/,industry_association,CADSI international program and Canada Pavilion for Canadian defence and security companies,All Mission Areas,All Domains,moderate,active,2026-04-30,Use exhibitor and pavilion pages to identify Canadian companies then verify through company sources,unknown,,,,,,,,,,
DARPA,https://www.darpa.mil/,government_program,US defense advanced research agency with program pages news proposers days and technical offices,All Mission Areas,All Domains,high,active,2026-04-30,Search programs news solicitations and office pages then follow performers to company or university sources,unknown,,,,,,,,,,
DARPA Programs,https://www.darpa.mil/research/programs,government_program,Program index for DARPA research activity across autonomy maritime cyber sensing AI communications and advanced systems,All Mission Areas,All Domains,high,active,2026-04-30,Use as recursive seed for performers proposers days technical areas and transition partners,unknown,,,,,,,,,,
DARPAtv,https://www.youtube.com/user/DARPAtv,youtube_channel,Official DARPA video channel with program explainers challenge recordings and technical presentations,All Mission Areas,All Domains,moderate,active,2026-04-30,Use videos to discover program names performers and durable DARPA pages before citing,unknown,,,,,,,,,,
DARPA LinkedIn,https://www.linkedin.com/company/darpa,linkedin_page,Official DARPA social feed with program announcements proposers days and event notices,All Mission Areas,All Domains,moderate,active,2026-04-30,Use posts as discovery paths to official DARPA pages and performer announcements,unknown,,,,,,,,,,
Defense Innovation Unit,https://www.diu.mil/,government_program,US DoD unit accelerating commercial technology for national security missions,All Mission Areas,All Domains,high,active,2026-04-30,Check project pages solicitations success stories and vendor announcements,unknown,,,,,,,,,,
DIU Commercial Solutions Opening,https://www.diu.mil/work-with-us/commercial,government_program,DIU commercial solutions entry point for active national security problem statements,All Mission Areas,All Domains,high,active,2026-04-30,Use to find active problem areas and companies selected for prototypes or production,unknown,,,,,,,,,,
DIU How To Work With DIU,https://www.diu.mil/how-to-work-with-diu,government_program,DIU process page with videos and guidance for commercial vendors,All Mission Areas,All Domains,high,active,2026-04-30,Use process videos and linked pages to identify recurring technology lanes and official solicitations,unknown,,,,,,,,,,
Defense Innovation Unit LinkedIn,https://www.linkedin.com/company/diux,linkedin_page,Official DIU social feed with project updates selected companies and partner announcements,All Mission Areas,All Domains,moderate,active,2026-04-30,Use posts recursively to locate official DIU pages company announcements and solicitations,unknown,,,,,,,,,,
National Security Innovation Network,https://nsin.mil/,government_program,US DoD innovation network connecting defense academic and entrepreneurial communities,All Mission Areas,All Domains,high,active,2026-04-30,Search challenges ventures fellowships and news for early companies and problem statements,unknown,,,,,,,,,,
NSIN Resources,https://nsin.mil/resources/,government_program,Resource and newsletter hub for NSIN programs challenges and ecosystem updates,All Mission Areas,All Domains,high,active,2026-04-30,Use newsletters and challenge writeups to discover participants and follow-on company sources,unknown,,,,,,,,,,
AFWERX,https://afwerx.com/,government_program,US Air Force innovation arm connecting technology developers with funding and transition pathways,Autonomous Patrol|Edge Data Processing|Cyber Mission Assurance For Remote Operations|Expeditionary Communications Resilience,Autonomy & Robotics|Cyber & Data|Communications & Infrastructure|ISR & Sensing,high,active,2026-04-30,Search opportunities SBIR STTR SpaceWERX and challenge pages for companies and dual-use technology,unknown,,,,,,,,,,
AFWERX LinkedIn,https://www.linkedin.com/company/afwerx-usaf,linkedin_page,AFWERX social feed with opportunities company spotlights and technology transition news,Autonomous Patrol|Edge Data Processing|Expeditionary Communications Resilience,Autonomy & Robotics|Cyber & Data|Communications & Infrastructure,moderate,active,2026-04-30,Follow posts to AFWERX pages company press releases and SBIR topics,unknown,,,,,,,,,,
Air Force Tech Connect,https://airforcetechconnect.org/,government_program,US Air Force portal for connecting technology ideas to Air Force and Space Force stakeholders,All Mission Areas,All Domains,high,active,2026-04-30,Use as discovery portal for challenge areas and follow-on company research,unknown,,,,,,,,,,
US Army xTech,https://www.xtech.army.mil/,government_program,US Army prize competition and innovation challenge platform for nontraditional technology providers,Autonomous Patrol|Distributed Sensor Networks|Edge Data Processing|Northern Logistics And Sustainment Readiness,Autonomy & Robotics|ISR & Sensing|Cyber & Data|Communications & Infrastructure,high,active,2026-04-30,Search competition winners finalists and problem statements then follow company pages,unknown,,,,,,,,,,
SOFWERX,https://www.sofwerx.org/,government_program,USSOCOM innovation intermediary for rapid prototyping collaboration and events,Autonomous Patrol|Edge Data Processing|Cyber Mission Assurance For Remote Operations|Distributed Sensor Networks,Autonomy & Robotics|Cyber & Data|ISR & Sensing,high,active,2026-04-30,Search events projects and collaboration opportunities for special operations relevant technology,unknown,,,,,,,,,,
DEFENSEWERX,https://defensewerx.org/,government_program,Innovation network connecting US defense partners with nontraditional suppliers and challenge events,All Mission Areas,All Domains,moderate,active,2026-04-30,Use portfolio hubs and event pages to discover challenge sponsors and companies,unknown,,,,,,,,,,
SAM.gov Contract Opportunities,https://sam.gov/content/opportunities,procurement_portal,US federal official opportunity portal including defense solicitations and awards,All Mission Areas,All Domains,high,active,2026-04-30,Search by agency and mission keywords then follow awarded vendor names to canonical company sources,unknown,,,,,,,,,,
SBIR STTR,https://www.sbir.gov/,government_program,US small business innovation research and technology transfer portal across federal agencies,All Mission Areas,All Domains,high,active,2026-04-30,Search DoD Navy Army Air Force DARPA and DHS topics for early technology companies,unknown,,,,,,,,,,
Tradewinds AI,https://www.tradewindai.com/,government_program,US DoD AI and data marketplace and opportunity ecosystem,Edge Data Processing|Cyber Mission Assurance For Remote Operations|Distributed Sensor Networks,Cyber & Data|ISR & Sensing,moderate,active,2026-04-30,Search AI data autonomy and software opportunities then corroborate through official agency or company sources,unknown,,,,,,,,,,
DASA Open Call,https://www.gov.uk/government/publications/defence-and-security-accelerator-enduring-challenge/,government_program,UK Defence and Security Accelerator open call for innovation competitions and focus areas,All Mission Areas,All Domains,high,active,2026-04-30,Search focus areas competition documents and funded projects for company leads,unknown,,,,,,,,,,
Defence Science and Technology Laboratory,https://www.gov.uk/government/organisations/defence-science-and-technology-laboratory,government_program,UK Dstl official organization page for defence science technology and research activity,All Mission Areas,All Domains,high,active,2026-04-30,Use publications news and project pages for mission context and technical evidence,unknown,,,,,,,,,,
Dstl The Science Inside,https://www.gov.uk/government/publications/dstl-the-science-inside-2022/the-science-inside-2022,government_program,UK Dstl public science review with programme examples and research priorities,All Mission Areas,All Domains,high,active,2026-04-30,Use to identify UK programme areas and then follow company or Dstl pages,unknown,,,,,,,,,,
UK MOD Procurement,https://www.gov.uk/government/organisations/ministry-of-defence/about/procurement,procurement_portal,UK Ministry of Defence procurement guidance and links to official contract opportunity platforms,All Mission Areas,All Domains,high,active,2026-04-30,Use to locate Defence Sourcing Portal routes and procurement context,unknown,,,,,,,,,,
UK Defence Sourcing Portal Guidance,https://www.gov.uk/government/publications/mod-contracting-purchasing-and-finance-e-procurement-system/contracting-purchasing-and-finance-cpf-tool,procurement_portal,UK MOD guidance for Defence Sourcing Portal and electronic procurement tools,All Mission Areas,All Domains,high,active,2026-04-30,Use as official entry point for tender platform context and supplier communications,unknown,,,,,,,,,,
Royal Navy NavyX,https://www.royalnavy.mod.uk/news/2023/february/21/20230221-experts-in-innovation-take-the-royal-navys-newest-vessel-to-sea,government_program,Royal Navy innovation and autonomy team context including XV Madfox experimentation,Autonomous Patrol|Underwater ISR|Arctic Domain Awareness,Maritime Systems|Autonomy & Robotics|ISR & Sensing,moderate,active,2026-04-30,Use to discover NavyX autonomy experiments and follow current Royal Navy innovation pages,unknown,,,,,,,,,,
European Defence Fund,https://defence-industry-space.ec.europa.eu/eu-defence-industry/european-defence-fund-edf_en,government_program,European Commission defence research and development funding programme across military domains,All Mission Areas,All Domains,high,active,2026-04-30,Search calls results project lists and SME participants then follow project/company pages,unknown,,,,,,,,,,
European Defence Fund Programme Page,https://commission.europa.eu/funding-tenders/find-funding/eu-funding-programmes/european-defence-fund_en,government_program,European Commission programme overview for collaborative defence R&D and supply-chain opening,All Mission Areas,All Domains,high,active,2026-04-30,Use for official programme features budgets and funding opportunity links,unknown,,,,,,,,,,
EU Defence Innovation Scheme,https://eudis.europa.eu/index_en,government_program,EU Defence Innovation Scheme for startups SMEs investors and defence innovation support,All Mission Areas,All Domains,high,active,2026-04-30,Search tracks hackathons calls investor links and company showcases,unknown,,,,,,,,,,
EUDIS Defence Equity Facility,https://eudis.europa.eu/eudis-tracks/defence-equity-facility_en,government_program,EU defence equity support for SMEs startups and small mid-caps developing defence technologies,All Mission Areas,All Domains,high,active,2026-04-30,Use to discover funds portfolio themes and dual-use company ecosystems,unknown,,,,,,,,,,
European Defence Agency Research and Technology,https://eda.europa.eu/what-we-do/research-technology,government_program,EDA research and technology hub including CapTechs and EU defence research coordination,All Mission Areas,All Domains,high,active,2026-04-30,Search CapTech areas projects innovation prize and EDA magazine links,unknown,,,,,,,,,,
EDA Defence Innovation Prize,https://eda.europa.eu/what-we-do/research-technology/innovation-prize,government_program,European Defence Agency innovation prize for defence-related ideas,All Mission Areas,All Domains,high,active,2026-04-30,Use prize topics and winners as source trails for European innovators,unknown,,,,,,,,,,
EDA Hub for EU Defence Innovation,https://eda.europa.eu/news-and-events/press-office/latest-press-releases/2022/05/17/hub-for-eu-defence-innovation-established-within-eda,government_program,EDA HEDI initiative supporting innovation challenges proof-of-concept and uptake into capability development,All Mission Areas,All Domains,high,active,2026-04-30,Use as route into EDA innovation challenges and European defence innovation shows,unknown,,,,,,,,,,
NATO Innovation Fund,https://www.nif.fund/,government_program,NATO-backed venture fund investing in deep tech for defence security and resilience,All Mission Areas,All Domains,high,active,2026-04-30,Search portfolio themes and company announcements then verify through company sources,unknown,,,,,,,,,,
NATO DIANA LinkedIn,https://www.linkedin.com/company/nato-diana,linkedin_page,DIANA social feed with innovator spotlights challenge webinars and cohort updates,All Mission Areas,All Domains,moderate,active,2026-04-30,Use as recursive discovery to DIANA challenge pages cohort pages YouTube videos and company websites,unknown,,,,,,,,,,
Agence de l'innovation de defense,https://www.defense.gouv.fr/aid,government_program,French Defence Innovation Agency for calls projects news and innovation support,All Mission Areas,All Domains,high,active,2026-04-30,Search appels a projets news and partnerships including Ukraine and quantum events,unknown,,,,,,,,,,
DGA Innovation,https://armement.defense.gouv.fr/innovation,government_program,French armament procurement and innovation page connected to AID and DGA activity,All Mission Areas,All Domains,high,active,2026-04-30,Use to discover French innovation calls DGA programmes and industrial pathways,unknown,,,,,,,,,,
Bundeswehr Cyber Innovation Hub,https://www.cyberinnovationhub.de/en/,government_program,German Armed Forces digital innovation unit bridging Bundeswehr and startups,Edge Data Processing|Cyber Mission Assurance For Remote Operations|Autonomous Patrol,Cyber & Data|Autonomy & Robotics|Communications & Infrastructure,high,active,2026-04-30,Search projects news social channels and startup collaborations,unknown,,,,,,,,,,
Bundeswehr Cyber Innovation Hub LinkedIn,https://www.linkedin.com/company/cyber-innovation-hub-der-bundeswehr,linkedin_page,Social feed for Bundeswehr Cyber Innovation Hub project and startup updates,Edge Data Processing|Cyber Mission Assurance For Remote Operations|Autonomous Patrol,Cyber & Data|Autonomy & Robotics,moderate,active,2026-04-30,Follow posts to official project pages company pages and Bundeswehr sources,unknown,,,,,,,,,,
Cyberagentur,https://www.cyberagentur.de/en/,government_program,German agency for cybersecurity innovation and technological sovereignty, Cyber Mission Assurance For Remote Operations|Edge Data Processing,Cyber & Data,high,active,2026-04-30,Search press releases projects and calls for cyber resilience and defence-adjacent technology,unknown,,,,,,,,,,
Swedish Defence Research Agency FOI,https://www.foi.se/english/,research_lab,Swedish government defence research agency with research reports and technical analysis,All Mission Areas,All Domains,high,active,2026-04-30,Search reports by Arctic maritime cyber EW autonomy logistics and Ukraine lessons,unknown,,,,,,,,,,
Norwegian Defence Research Establishment FFI,https://www.ffi.no/en,research_lab,Norwegian defence research institute with reports articles and research projects,All Mission Areas,All Domains,high,active,2026-04-30,Search research reports and project areas for Arctic EW maritime sonar and industry innovation context,unknown,,,,,,,,,,
FFI Defence Industry Innovation,https://www.ffi.no/en/research/defence-industry-development-and-innovation-capacity,research_lab,Norwegian FFI research area on defence industry development and innovation capacity,All Mission Areas,All Domains,high,active,2026-04-30,Use for Norwegian industry ecosystem context and source trails,unknown,,,,,,,,,,
Danish Defence Acquisition and Logistics Organisation,https://www.fmi.dk/en/,procurement_portal,Danish Ministry of Defence acquisition logistics and industry contact point,All Mission Areas,All Domains,high,active,2026-04-30,Search procurement plans industry point of contact and contract announcements,unknown,,,,,,,,,,
Netherlands MINDBase,https://yesdelft.com/news/ministry-of-defence-launches-new-mindbase-at-yesdelft-to-strengthen-innovation-collaboration/,government_program,Dutch Ministry of Defence innovation hub connecting defence challenges with deep tech community,All Mission Areas,All Domains,moderate,active,2026-04-30,Use as source trail into Dutch defence innovation and YES Delft ecosystem pages,unknown,,,,,,,,,,
Advanced Strategic Capabilities Accelerator,https://www.asca.gov.au/,government_program,Australian defence innovation accelerator for urgent asymmetric capability needs,All Mission Areas,All Domains,high,active,2026-04-30,Search missions opportunities pitch days and selected innovators,unknown,,,,,,,,,,
ASCA Who We Are,https://www.asca.gov.au/about/who-we-are,government_program,Australian ASCA mission model and industry partnership explanation,All Mission Areas,All Domains,high,active,2026-04-30,Use for source context and to understand mission-directed Australian innovation pathways,unknown,,,,,,,,,,
Defence Science and Technology Group Australia,https://www.dst.defence.gov.au/,research_lab,Australian defence science and technology organisation with news opportunities and publications,All Mission Areas,All Domains,high,active,2026-04-30,Search DSTG news publications challenge trials and capability areas,unknown,,,,,,,,,,
DSTG Scientific Publications,https://www.dst.defence.gov.au/publications/scientific-publications,research_lab,Australian defence scientific publication repository and report gateway,All Mission Areas,All Domains,high,active,2026-04-30,Search AI autonomy cyber surveillance communications and undersea publications,unknown,,,,,,,,,,
AusTender,https://www.tenders.gov.au/,procurement_portal,Australian Government procurement information system including Department of Defence opportunities and contracts,All Mission Areas,All Domains,high,active,2026-04-30,Search Department of Defence and capability keywords then follow suppliers to company sources,unknown,,,,,,,,,,
New Zealand Ministry of Defence Procurement,https://www.defence.govt.nz/our-work/equip/managing-procurement/,procurement_portal,New Zealand defence capability and procurement lifecycle guidance,All Mission Areas,All Domains,high,active,2026-04-30,Use for official procurement context and links to capability projects,unknown,,,,,,,,,,
New Zealand GETS,https://www.gets.govt.nz/ExternalIndex.htm,procurement_portal,New Zealand Government Electronic Tenders Service for public contract opportunities,All Mission Areas,All Domains,high,active,2026-04-30,Search defence keywords and supplier names then follow canonical company pages,unknown,,,,,,,,,,
Singapore MINDEF Defence Procurement,https://www.mindef.gov.sg/defence-matters/mindef-policies/defence-procurement/,procurement_portal,Singapore official defence procurement policy and process explanation,All Mission Areas,All Domains,high,active,2026-04-30,Use for Singapore procurement context and official acquisition posture,unknown,,,,,,,,,,
Defence Science and Technology Agency Singapore,https://www.dsta.gov.sg/home/,government_program,Singapore defence technology agency for engineering digital cybersecurity and procurement,All Mission Areas,All Domains,high,active,2026-04-30,Search news partnerships procurement and technology articles,unknown,,,,,,,,,,
DSTA Doing Business with MINDEF,https://www.dsta.gov.sg/collaborate-with-us/doing-business-with-mindef,procurement_portal,DSTA procurement route for Ministry of Defence and Singapore Armed Forces suppliers,All Mission Areas,All Domains,high,active,2026-04-30,Use for GeBIZ links tender process and supplier discovery,unknown,,,,,,,,,,
DSTA LinkedIn,https://www.linkedin.com/company/dsta,linkedin_page,DSTA social feed with technology partnerships operational testing and innovation announcements,All Mission Areas,All Domains,moderate,active,2026-04-30,Use posts to locate DSTA articles company partnerships and official releases,unknown,,,,,,,,,,
DSO National Laboratories,https://www.dso.org.sg/,research_lab,Singapore defence R&D organisation across land sea air space and cyberspace,All Mission Areas,All Domains,high,active,2026-04-30,Search research institutes news and social posts for Singapore defence technology themes,unknown,,,,,,,,,,
Singapore GeBIZ,https://www.gebiz.gov.sg/,procurement_portal,Singapore government procurement portal used for published quotations tenders and awards,All Mission Areas,All Domains,high,active,2026-04-30,Search MINDEF DSTA DSO and capability terms then follow supplier sources,unknown,,,,,,,,,,
India iDEX,https://idex.gov.in/,government_program,Indian defence innovation platform for startups MSMEs challenges and grants,All Mission Areas,All Domains,high,active,2026-04-30,Search challenges winners partners investor hub and INDUS-X pages,unknown,,,,,,,,,,
iDEX Challenges,https://www.idex.gov.in/challenges-cpt/2600,government_program,Indian iDEX challenge page with many current defence innovation problem statements,All Mission Areas,All Domains,high,active,2026-04-30,Use challenge pages recursively to identify problem areas service sponsors and potential companies,unknown,,,,,,,,,,
iDEX Investor Hub,https://www.idex.gov.in//iih,government_program,Indian iDEX investor hub connecting defence innovation companies and investors,All Mission Areas,All Domains,high,active,2026-04-30,Use to discover investor-backed defence ecosystem companies and incubators,unknown,,,,,,,,,,
iDEX Partners,https://www.idex.gov.in//partners,government_program,Indian iDEX partner incubator and ecosystem page,All Mission Areas,All Domains,high,active,2026-04-30,Use partner incubators to recursively discover defence startups and technology clusters,unknown,,,,,,,,,,
iDEX LinkedIn,https://www.linkedin.com/company/idex-dio,linkedin_page,Official iDEX DIO social feed with challenges deadlines and ecosystem announcements,All Mission Areas,All Domains,moderate,active,2026-04-30,Use posts to find official challenge pages startups and partner announcements,unknown,,,,,,,,,,
DRDO Technology Focus,https://www.drdo.gov.in/drdo/technology-focus,research_lab,Indian DRDO technology publication series describing defence R&D products systems and focus areas,All Mission Areas,All Domains,high,active,2026-04-30,Search technology focus issues for sensor cyber maritime autonomy and communications topics,unknown,,,,,,,,,,
DRDO Publications,https://www.drdo.gov.in/drdo/publications,research_lab,Indian DRDO publications gateway for research and technology material,All Mission Areas,All Domains,high,active,2026-04-30,Use for official technical context and named technology programmes,unknown,,,,,,,,,,
Japan ATLA,https://www.mod.go.jp/atla/en/index.html,government_program,Japan Acquisition Technology and Logistics Agency official English site,All Mission Areas,All Domains,high,active,2026-04-30,Search news policy equipment cooperation and procurement pages,unknown,,,,,,,,,,
Japan ATLA Missions,https://www.mod.go.jp/atla/en/soubichou_gaiyou.html,government_program,ATLA mission page covering R&D technology strategy acquisition and industrial base,All Mission Areas,All Domains,high,active,2026-04-30,Use for Japanese acquisition and defence technology context,unknown,,,,,,,,,,
Japan ATLA Equipment Cooperation,https://www.mod.go.jp/atla/en/policy/defense_equipment.html,government_program,ATLA defense equipment and technology cooperation page,All Mission Areas,All Domains,high,active,2026-04-30,Use for international cooperation source trails and policy context,unknown,,,,,,,,,,
South Korea DAPA,https://dapa.go.kr/dapaen/index.do,procurement_portal,Republic of Korea Defense Acquisition Program Administration English site,All Mission Areas,All Domains,high,active,2026-04-30,Search news procurement programmes and defense industry support,unknown,,,,,,,,,,
South Korea DAPA Introduction,https://dapa.go.kr/dapa_en/sub.do?menuId=408,procurement_portal,DAPA English introduction and acquisition administration context,All Mission Areas,All Domains,high,active,2026-04-30,Use for acquisition framework and official programme context,unknown,,,,,,,,,,
South Korea Agency for Defense Development,https://www.add.re.kr/eps,research_lab,Korean defence R&D agency with publications videos and technology domains,All Mission Areas,All Domains,high,active,2026-04-30,Search maritime underwater UAV surveillance C2 cyber and future technologies,unknown,,,,,,,,,,
Ukraine Brave1,https://brave1.gov.ua/en,government_program,Ukrainian official defence tech cluster for developers investors grants and battlefield technology,Autonomous Patrol|Cyber Mission Assurance For Remote Operations|Expeditionary Communications Resilience|Edge Data Processing,Autonomy & Robotics|Cyber & Data|Communications & Infrastructure,high,active,2026-04-30,Search grants challenges market pages and company spotlights while avoiding sensitive operational claims,unknown,,,,,,,,,,
Brave1 LinkedIn,https://www.linkedin.com/company/brave1ukraine/,linkedin_page,Brave1 social feed with defence tech updates grants and company announcements,Autonomous Patrol|Cyber Mission Assurance For Remote Operations|Edge Data Processing,Autonomy & Robotics|Cyber & Data,moderate,active,2026-04-30,Use posts to find official Brave1 pages company websites and durable media sources,unknown,,,,,,,,,,
Defence Builder,https://defencebuilder.com/,industry_association,Ukrainian defence tech ecosystem accelerator fund and market intelligence source,Autonomous Patrol|Edge Data Processing|Cyber Mission Assurance For Remote Operations,Autonomy & Robotics|Cyber & Data|Communications & Infrastructure,moderate,active,2026-04-30,Use as source trail into Ukrainian defence tech companies and market reports,unknown,,,,,,,,,,
Defence Builder Accelerator,https://defencebuilder.com/accelerator,industry_association,Kyiv-based defence tech accelerator with startup cohort and NATO market orientation,Autonomous Patrol|Edge Data Processing|Cyber Mission Assurance For Remote Operations,Autonomy & Robotics|Cyber & Data,moderate,active,2026-04-30,Search cohorts and accelerator news then verify company details from primary sources,unknown,,,,,,,,,,
Defence Tech Valley Summit,https://www.defenceukraine.com/en/events/defence-tech-valley-summit-2025/,conference,Ukraine defence tech investment summit connected to Brave1 and Defence Ukraine,Autonomous Patrol|Cyber Mission Assurance For Remote Operations|Edge Data Processing,Autonomy & Robotics|Cyber & Data,moderate,active,2026-04-30,Use event pages and startup competitions as recursive discovery into Ukrainian companies,unknown,,,,,,,,,,
Israel DDRD MAFAT,https://www.mod.gov.il/en/departments/directorate-of-defense-research-development-ddrd,government_program,Israel Ministry of Defense directorate for defense R&D and military technology innovation,All Mission Areas,All Domains,high,active,2026-04-30,Search professional divisions news startup programmes and international cooperation,unknown,,,,,,,,,,
Israel MAFAT for Startups,https://ddrd-mafat.mod.gov.il/en,government_program,Israel DDRD startup-facing portal and defence innovation entry point,All Mission Areas,All Domains,high,active,2026-04-30,Use to identify MAFAT startup programmes and follow company announcements,unknown,,,,,,,,,,
Israel Ministry of Defense Vendor Site,https://www.online.mod.gov.il/eng/,procurement_portal,Israel Ministry of Defense supplier registration and procurement inquiry portal,All Mission Areas,All Domains,high,active,2026-04-30,Use for official procurement route and supplier process context,unknown,,,,,,,,,,
Israel Ministry of Defense SIBAT Tenders,https://www.mod.gov.il/en/defense-inventory/sibat-tenders,procurement_portal,Official Israeli Ministry of Defense tenders for controlled defense equipment sales,All Mission Areas,All Domains,high,active,2026-04-30,Search tender notices and equipment categories then corroborate with official pages,unknown,,,,,,,,,,
Israel Innovation Authority Defense Entrepreneurship,https://innovationisrael.org.il/en/press_release/innovation-authority-and-ministry-of-defense-launch-a-unique-10-million-nis-program-for-training-and-promoting-technological-entrepreneurship-for-reserve-and-discharged-soldiers/,government_program,Israel Innovation Authority and Ministry of Defense programme for technological entrepreneurship,All Mission Areas,All Domains,moderate,active,2026-04-30,Use as bridge between civilian innovation and defence-tech entrepreneurship source trails,unknown,,,,,,,,,,
AUSA Annual Meeting,https://meetings.ausa.org/annual/2025/index.cfm/exhibitor_directory.cfm,conference,Major US land power exposition with international defence exhibitors and official delegations,Northern Logistics And Sustainment Readiness|Autonomous Patrol|Distributed Sensor Networks,Autonomy & Robotics|ISR & Sensing|Communications & Infrastructure,moderate,active,2026-04-30,Use event pages and exhibitor lists to discover companies then verify via company sources,unknown,,,,,,,,,,
AUSA Exhibitor List,https://meetings.ausa.org/annual/2025/exhibitor_exhibitor_list.cfm,conference,Official AUSA annual meeting exhibitor list with company names and booths,Northern Logistics And Sustainment Readiness|Autonomous Patrol|Distributed Sensor Networks,All Domains,moderate,active,2026-04-30,Use as recursive company discovery list then follow each company press room and product pages,unknown,,,,,,,,,,
Sea Air Space,https://seaairspace.org/,conference,Navy League maritime exposition for naval defence industry and decision-makers,Underwater ISR|Arctic Domain Awareness|Autonomous Patrol,Maritime Systems|ISR & Sensing|Autonomy & Robotics,moderate,active,2026-04-30,Use exhibitor and media lists for maritime company discovery and press announcements,unknown,,,,,,,,,,
Eurosatory Exhibitors,https://www.eurosatory.com/en/exhibitors/,conference,Global land and air defence and security exhibition with exhibitor list and official delegations,Autonomous Patrol|Northern Logistics And Sustainment Readiness|Distributed Sensor Networks,Autonomy & Robotics|Communications & Infrastructure|ISR & Sensing,moderate,active,2026-04-30,Use exhibitor list recursively to find European and global companies,unknown,,,,,,,,,,
DIMDEX Exhibitors,https://dimdex.com/exhibit/,conference,Doha maritime defence exhibition with exhibitor listing and naval technology focus,Underwater ISR|Arctic Domain Awareness|Autonomous Patrol,Maritime Systems|ISR & Sensing|Autonomy & Robotics,moderate,active,2026-04-30,Use exhibitor names for naval and maritime source discovery,unknown,,,,,,,,,,
CANSEC Exhibitor Schedule,https://www.cadsi.mobi/cms/booths,conference,CANSEC exhibitor schedule and CADSI-produced Canadian defence event information,All Mission Areas,All Domains,moderate,active,2026-04-30,Use to find Canadian defence suppliers then verify on company pages,unknown,,,,,,,,,,
DSA Malaysia Exhibitor List,https://www.dsaexhibition.com/data/editor/2026/exhibitor-list/DS-2026-Participating-Companies-March-31-2026.pdf,conference,Defence Services Asia participating company list with global exhibitors,All Mission Areas,All Domains,moderate,active,2026-04-30,Use as Indo-Pacific and global exhibitor source trail then verify via company sources,unknown,,,,,,,,,,
Defense Advancement,https://www.defenseadvancement.com/,publication,Defence technology publication and supplier discovery site with unmanned systems autonomy sensors and mission systems,All Mission Areas,All Domains,moderate,active,2026-04-30,Search supplier categories and news then corroborate through company pages,unknown,,,,,,,,,,
Defense Advancement Unmanned News,https://www.defenseadvancement.com/news/section/unmanned/,publication,Unmanned systems news section covering air land maritime robotics autonomy and payloads,Autonomous Patrol|Underwater ISR|Distributed Sensor Networks,Autonomy & Robotics|Maritime Systems|ISR & Sensing,moderate,active,2026-04-30,Use for UAS UGV USV UUV supplier leads and product news,unknown,,,,,,,,,,
Army Recognition,https://armyrecognition.com/,publication,Global defence news site covering land naval air and exhibition reporting,All Mission Areas,All Domains,moderate,active,2026-04-30,Use as broad global source trail then verify claims through official or company pages,unknown,,,,,,,,,,
Global Defence Technology,https://www.airforce-technology.com/magazine/,publication,Free digital magazine covering global defence technology and procurement trends,All Mission Areas,All Domains,moderate,active,2026-04-30,Use issues for trend scouting and company names then follow primary sources,unknown,,,,,,,,,,
Airforce Technology Newsletters,https://www.airforce-technology.com/all-newsletters/,publication,Newsletter hub covering air naval army and defence technology trends,All Mission Areas,All Domains,moderate,active,2026-04-30,Use as search index for domain-specific technology articles,unknown,,,,,,,,,,
The European Security and Defence Union,https://magazine-the-european.com/,publication,European security and defence magazine with policy industry and NATO EU context,All Mission Areas,All Domains,moderate,active,2026-04-30,Use for European policy and industry context then corroborate company claims,unknown,,,,,,,,,,
Defence Matters Europe,https://defencematters.eu/about-us/,publication,European defence reporting using primary documents official statements legislation and open sources,All Mission Areas,All Domains,moderate,active,2026-04-30,Use for European defence policy and technology context with primary-source followup,unknown,,,,,,,,,,
EU Institute for Security Studies Security and Defence,https://www.iss.europa.eu/topics/security-and-defence,official_report,EUISS security and defence analysis for European strategic context,All Mission Areas,All Domains,high,active,2026-04-30,Use for policy context and strategic framing rather than company evidence,unknown,,,,,,,,,,
NATO Allied Command Transformation Innovation Challenges,https://www.act.nato.int/activities/innovation-challenges/,government_program,NATO ACT innovation challenge hub connecting operational problems with academics researchers startups and industry,All Mission Areas,All Domains,high,active,2026-04-30,Search challenge topics winners and follow-on trials then verify companies through official or company sources,unknown,,,,,,,,,,
NATO Allied Command Transformation Articles,https://www.act.nato.int/articles/,government_program,NATO ACT article stream covering innovation exercises experimentation and transformation initiatives,All Mission Areas,All Domains,high,active,2026-04-30,Search innovation challenge JATEC experimentation autonomy C2 and Ukraine lessons source trails,unknown,,,,,,,,,,
NATO Cooperative Cyber Defence Centre of Excellence Publications,https://ccdcoe.org/library/publications/,research_lab,NATO-accredited cyber defence research publication library with cyber operations law strategy and technical papers,Cyber Mission Assurance For Remote Operations|Edge Data Processing,Cyber & Data,high,active,2026-04-30,Use for cyber mission context standards and public research not company evidence,unknown,,,,,,,,,,
NATO Cyber Defence Topic,https://www.nato.int/cps/en/natohq/topics_78170.htm,government_program,NATO public cyber defence topic page covering policy posture centres of excellence and operational-domain context,Cyber Mission Assurance For Remote Operations,Cyber & Data,high,active,2026-04-30,Use for official NATO cyber context and links to CCDCOE NCIA and related pages,unknown,,,,,,,,,,
NATO Communications and Information Agency,https://www.ncia.nato.int/,government_program,NATO technology and cyber agency with procurement events news and digital modernization activity,Expeditionary Communications Resilience|Cyber Mission Assurance For Remote Operations|Edge Data Processing,Communications & Infrastructure|Cyber & Data,high,active,2026-04-30,Search procurement news NATO Edge and technology opportunities,unknown,,,,,,,,,,
NATO NCI Agency Business Opportunities,https://www.ncia.nato.int/business/business-opportunities.html,procurement_portal,NATO NCI Agency procurement and business opportunity entry point,Expeditionary Communications Resilience|Cyber Mission Assurance For Remote Operations|Edge Data Processing,Communications & Infrastructure|Cyber & Data,high,active,2026-04-30,Search notices vendor days and procurement files then follow named suppliers,unknown,,,,,,,,,,
NATO Support and Procurement Agency Business Opportunities,https://www.nspa.nato.int/business/procurement,procurement_portal,NATO support and procurement agency tender and procurement entry point,Northern Logistics And Sustainment Readiness|Expeditionary Communications Resilience,Logistics & Sustainment|Communications & Infrastructure,high,active,2026-04-30,Search logistics sustainment communications infrastructure and support tenders,unknown,,,,,,,,,,
CISA Industrial Control Systems,https://www.cisa.gov/ics,government_program,US CISA ICS hub for operational technology advisories guidance and industrial cyber resilience,Cyber Mission Assurance For Remote Operations|Northern Logistics And Sustainment Readiness,Cyber & Data|Communications & Infrastructure,high,active,2026-04-30,Use for OT cyber risk context and vendor vulnerability trails not product endorsement,unknown,,,,,,,,,,
CISA Joint Cyber Defense Collaborative,https://www.cisa.gov/ciscp,government_program,CISA public-private cyber defense collaborative with resources advisories and partner-led guidance,Cyber Mission Assurance For Remote Operations,Cyber & Data,high,active,2026-04-30,Search joint advisories AI tabletop work and critical infrastructure cyber collaboration trails,unknown,,,,,,,,,,
MITRE ATTACK,https://attack.mitre.org/,standards_body,Public adversary tactics techniques and procedures knowledge base used for cyber threat modeling and defensive mapping,Cyber Mission Assurance For Remote Operations,Cyber & Data,high,active,2026-04-30,Use for cyber taxonomy threat modeling and mission assurance rationale not company sourcing,unknown,,,,,,,,,,
MITRE D3FEND,https://d3fend.mitre.org/,standards_body,Public knowledge graph of cybersecurity countermeasures and defensive techniques,Cyber Mission Assurance For Remote Operations,Cyber & Data,high,active,2026-04-30,Use for defensive-control language and cyber capability mapping support,unknown,,,,,,,,,,
MITRE Center for Threat-Informed Defense,https://ctid.mitre.org/,research_lab,MITRE collaborative R&D center for threat-informed defense projects and resources,Cyber Mission Assurance For Remote Operations,Cyber & Data,high,active,2026-04-30,Search projects members and resources for cyber capability mapping context,unknown,,,,,,,,,,
ENISA Publications,https://www.enisa.europa.eu/publications,official_report,European Union Agency for Cybersecurity publication hub with threat landscape market analysis certification and critical-sector reports,Cyber Mission Assurance For Remote Operations|Edge Data Processing,Cyber & Data,high,active,2026-04-30,Use for EU cyber threat market and certification context plus official publication trails,unknown,,,,,,,,,,
ENISA Cyber Threats Topic,https://www.enisa.europa.eu/topics/cyber-threats,official_report,ENISA cyber threats topic page for EU threat landscape incident and advisory context,Cyber Mission Assurance For Remote Operations,Cyber & Data,high,active,2026-04-30,Use for European cyber risk context and recurring threat landscape reports,unknown,,,,,,,,,,
UK NCSC Operational Technology,https://www.ncsc.gov.uk/collection/operational-technology,government_program,UK NCSC guidance collection for cyber security in operational technology environments,Cyber Mission Assurance For Remote Operations|Northern Logistics And Sustainment Readiness,Cyber & Data|Communications & Infrastructure,high,active,2026-04-30,Use for OT cyber resilience principles and official UK cyber guidance,unknown,,,,,,,,,,
UK NCSC Reports and Advisories,https://www.ncsc.gov.uk/section/advice-guidance/all-topics?topics=Reports+and+advisories,government_program,UK NCSC reports and advisories index for cyber professionals and operators,Cyber Mission Assurance For Remote Operations,Cyber & Data,high,active,2026-04-30,Search advisories guidance and co-sealed international reports,unknown,,,,,,,,,,
RUSI Publications,https://www.rusi.org/explore-our-research/publications,official_report,Royal United Services Institute publications on defence security technology and international affairs,All Mission Areas,All Domains,high,active,2026-04-30,Use for policy and capability context then corroborate company claims elsewhere,unknown,,,,,,,,,,
RAND Science and Technology,https://www.rand.org/topics/science-and-technology.html,official_report,RAND research topic page covering defence-relevant science technology cyber AI space and emerging capabilities,All Mission Areas,All Domains,high,active,2026-04-30,Search reports for mission context and technology adoption analysis,unknown,,,,,,,,,,
RAND National Security Research Division,https://www.rand.org/nsrd.html,official_report,RAND national security research hub for defence policy capability and technology studies,All Mission Areas,All Domains,high,active,2026-04-30,Use for public evidence on defence technology trends and programme context,unknown,,,,,,,,,,
CSIS Aerospace Security,https://aerospace.csis.org/,official_report,CSIS Aerospace Security project covering space security launch satellites counterspace and national security space,Arctic Domain Awareness|Distributed Sensor Networks|Expeditionary Communications Resilience,Space Systems|ISR & Sensing|Communications & Infrastructure,high,active,2026-04-30,Use for space domain context and follow official programme or company sources,unknown,,,,,,,,,,
CSIS Defense-Industrial Initiatives Group,https://www.csis.org/programs/defense-industrial-initiatives-group,official_report,CSIS research programme on defence industrial base acquisition and technology transition,All Mission Areas,All Domains,high,active,2026-04-30,Use for industrial-base context and source trails to named companies or programs,unknown,,,,,,,,,,
IISS Defence and Military Analysis,https://www.iiss.org/research/defence-and-military-analysis/,official_report,IISS defence and military analysis hub with global military capability and defence economics research,All Mission Areas,All Domains,high,active,2026-04-30,Use for regional strategic context and global capability landscape framing,unknown,,,,,,,,,,
SIPRI Military Expenditure and Arms Production,https://www.sipri.org/research/armament-and-disarmament/military-expenditure-and-arms-production,official_report,SIPRI public research on defence spending arms industry and arms production trends,All Mission Areas,All Domains,high,active,2026-04-30,Use for market and industrial context not direct capability claims,unknown,,,,,,,,,,
SpaceNews,https://spacenews.com/,publication,Space industry publication covering civil commercial and national security space programmes and companies,Arctic Domain Awareness|Distributed Sensor Networks|Expeditionary Communications Resilience,Space Systems|ISR & Sensing|Communications & Infrastructure,moderate,active,2026-04-30,Search military space satellite communications ISR launch and procurement stories then follow primary sources,unknown,,,,,,,,,,
Via Satellite,https://www.satellitetoday.com/,publication,Satellite communications publication covering space networks terminals operators and services,Expeditionary Communications Resilience|Distributed Sensor Networks|Arctic Domain Awareness,Space Systems|Communications & Infrastructure|ISR & Sensing,moderate,active,2026-04-30,Search satcom terminals remote operations LEO and resilient communications companies,unknown,,,,,,,,,,
GPS World,https://www.gpsworld.com/,publication,GNSS and positioning navigation timing publication with defence-relevant PNT technology coverage,Arctic Domain Awareness|Autonomous Patrol|Distributed Sensor Networks,ISR & Sensing|Autonomy & Robotics|Space Systems,moderate,active,2026-04-30,Search resilient PNT anti-jam navigation and timing technology leads then verify official sources,unknown,,,,,,,,,,
Inside GNSS,https://insidegnss.com/,publication,GNSS publication covering positioning navigation timing policy modernization and interference issues,Arctic Domain Awareness|Autonomous Patrol|Distributed Sensor Networks,ISR & Sensing|Autonomy & Robotics|Space Systems,moderate,active,2026-04-30,Use for PNT and navigation source trails with primary-source corroboration,unknown,,,,,,,,,,
Breaking Defense Space,https://breakingdefense.com/space/,publication,Breaking Defense section focused on space force satellite and defence space acquisition,Arctic Domain Awareness|Distributed Sensor Networks|Expeditionary Communications Resilience,Space Systems|ISR & Sensing|Communications & Infrastructure,moderate,active,2026-04-30,Search for space procurement and company programme leads then follow official sources,unknown,,,,,,,,,,
Inside Unmanned Systems,https://insideunmannedsystems.com/,publication,Publication covering unmanned systems autonomy robotics sensors navigation and policy,Autonomous Patrol|Underwater ISR|Distributed Sensor Networks,Autonomy & Robotics|ISR & Sensing|Maritime Systems,moderate,active,2026-04-30,Use for unmanned technology leads and then follow company product pages,unknown,,,,,,,,,,
Commercial UAV News,https://www.commercialuavnews.com/,publication,UAV industry publication covering drone operations sensors autonomy and regulatory developments,Autonomous Patrol|Distributed Sensor Networks,Autonomy & Robotics|ISR & Sensing,moderate,active,2026-04-30,Search for dual-use UAV companies sensors and operations then corroborate through durable sources,unknown,,,,,,,,,,
AUVSI,https://www.auvsi.org/,industry_association,Association for uncrewed systems and robotics with events advocacy and member ecosystem,Autonomous Patrol|Underwater ISR|Distributed Sensor Networks,Autonomy & Robotics|Maritime Systems|ISR & Sensing,moderate,active,2026-04-30,Use events awards and member trails to identify uncrewed-system companies,unknown,,,,,,,,,,
XPONENTIAL,https://www.xponential.org/xponential2026/Public/enter.aspx,conference,AUVSI uncrewed systems conference with exhibitors speakers and product announcements,Autonomous Patrol|Underwater ISR|Distributed Sensor Networks,Autonomy & Robotics|Maritime Systems|ISR & Sensing,moderate,active,2026-04-30,Use exhibitor and session pages recursively for global uncrewed-system source discovery,unknown,,,,,,,,,,
Marine Technology News,https://www.marinetechnologynews.com/,publication,Maritime technology publication covering subsea systems ocean science autonomy and marine operations,Underwater ISR|Arctic Domain Awareness|Autonomous Patrol,Maritime Systems|ISR & Sensing|Autonomy & Robotics,moderate,active,2026-04-30,Search AUV UUV sonar subsea sensors and Arctic marine technology trails,unknown,,,,,,,,,,
Hydro International,https://www.hydro-international.com/,publication,Hydrography and geospatial maritime publication covering seabed mapping sensors survey and autonomy,Underwater ISR|Arctic Domain Awareness|Distributed Sensor Networks,Maritime Systems|ISR & Sensing,moderate,active,2026-04-30,Use for bathymetry seabed mapping and maritime sensor company discovery,unknown,,,,,,,,,,
Offshore Energy,https://www.offshore-energy.biz/,publication,Offshore and maritime energy publication with shipbuilding subsea robotics and maritime technology coverage,Underwater ISR|Northern Logistics And Sustainment Readiness|Autonomous Patrol,Maritime Systems|Logistics & Sustainment|Autonomy & Robotics,moderate,active,2026-04-30,Search maritime robotics subsea logistics and vessel technology trails,unknown,,,,,,,,,,
Shephard Media,https://www.shephardmedia.com/,publication,Defence media covering air land sea training and uncrewed systems with supplier and programme news,All Mission Areas,All Domains,moderate,active,2026-04-30,Search company programme technology and exhibition reports then verify through primary sources,unknown,,,,,,,,,,
Military Embedded Systems,https://militaryembedded.com/,publication,Publication focused on embedded computing RF EW AI sensors and mission systems for defence,Edge Data Processing|Distributed Sensor Networks|Cyber Mission Assurance For Remote Operations,Cyber & Data|ISR & Sensing|Communications & Infrastructure,moderate,active,2026-04-30,Search edge compute rugged systems AI EW and sensor-processing leads,unknown,,,,,,,,,,
National Defense Magazine,https://www.nationaldefensemagazine.org/,publication,NDIA publication covering US and global defence industry acquisition technology and programmes,All Mission Areas,All Domains,moderate,active,2026-04-30,Search defence tech industry announcements and acquisition topics then follow official/company sources,unknown,,,,,,,,,,
NDIA Events,https://www.ndia.org/events,conference,National Defense Industrial Association event calendar for defence technology conferences symposia and exhibitions,All Mission Areas,All Domains,moderate,active,2026-04-30,Use event pages exhibitors and agendas as recursive discovery trails,unknown,,,,,,,,,,
Turkish Defence Industry Agency SSB,https://www.ssb.gov.tr/en,government_program,Turkish official defence industry and procurement authority with projects product catalogue and industry news,All Mission Areas,All Domains,high,active,2026-05-01,Search projects procurement product catalogue and linked Turkish defence companies,unknown,,,,,,,,,,
Turkish Defence Industry Product Catalogue,https://www.ssb.gov.tr/Images/Uploads/files/SSB_BASILI_EN_2022_WEB2_2.pdf,official_report,Official Turkish defence industry catalogue listing systems products and companies across domains,All Mission Areas,All Domains,high,active,2026-05-01,Use as a structured company and capability index then verify current claims on company pages,unknown,,,,,,,,,,
SAHA Expo Exhibitors,https://www.sahaexpo.com/en/exhibitors,conference,Turkish international defence aerospace and space exhibitor directory with global and Turkish companies,All Mission Areas,All Domains,moderate,active,2026-05-01,Search exhibitors by capability category and follow company sites press rooms and product pages,unknown,,,,,,,,,,
TEKNOFEST,https://www.teknofest.org/en/,conference,Turkish aerospace and technology festival with defence aviation space robotics AI and autonomous systems competitions,Autonomous Patrol|Distributed Sensor Networks|Edge Data Processing,Autonomy & Robotics|Space Systems|Cyber & Data|ISR & Sensing,moderate,active,2026-05-01,Use competitions and partner institutions to find early dual-use technology teams and official follow-up sources,unknown,,,,,,,,,,
TEKNOFEST Air Defense Systems Competition,https://www.teknofest.org/en/content/announcement/a-new-competition-at-teknofest-2024-air-defense-systems-competition/,conference,TEKNOFEST competition page for air defence systems and related technology themes,Autonomous Patrol|Distributed Sensor Networks|Cyber Mission Assurance For Remote Operations,Autonomy & Robotics|ISR & Sensing|Cyber & Data,moderate,active,2026-05-01,Use as a competition-source trail for Turkish air defence autonomy sensing and software companies,unknown,,,,,,,,,,
Saudi General Authority for Military Industries,https://www.gami.gov.sa/en,government_program,Saudi authority for defence industry localization acquisition research technology licensing and sector development,All Mission Areas,All Domains,high,active,2026-05-01,Search news initiatives localization programs licensing and World Defense Show links,unknown,,,,,,,,,,
GAMI LinkedIn,https://www.linkedin.com/company/gami-ksa,linkedin_page,Official Saudi GAMI social feed with sector updates World Defense Show activity and industry announcements,All Mission Areas,All Domains,moderate,active,2026-05-01,Follow announcements to GAMI pages company releases and official event pages,unknown,,,,,,,,,,
World Defense Show Exhibitors,https://www.worlddefenseshow.com/en/exhibitors,conference,Saudi global defence exhibition exhibitor directory across air land sea space and security,All Mission Areas,All Domains,moderate,active,2026-05-01,Use exhibitor list as a recursive global source trail then verify companies from canonical pages,unknown,,,,,,,,,,
World Defense Show What To Expect,https://worlddefenseshow.com/en/about-the-show/what-to-expect,conference,Saudi defence show overview with event scale domains delegations and industry focus,All Mission Areas,All Domains,moderate,active,2026-05-01,Use for event context and source trails into official delegations and exhibitors,unknown,,,,,,,,,,
IDEX UAE,https://www.idexuae.ae/,conference,Abu Dhabi international defence exhibition and conference with global defence exhibitors and official delegations,All Mission Areas,All Domains,moderate,active,2026-05-01,Search exhibitors show news and media partners for Middle East and global company discovery,unknown,,,,,,,,,,
NAVDEX Exhibitor List,https://www.navdex.ae/exhibit/exhibitor-list/,conference,Abu Dhabi naval defence exhibition exhibitor list connected to IDEX and maritime technology companies,Underwater ISR|Arctic Domain Awareness|Autonomous Patrol,Maritime Systems|ISR & Sensing|Autonomy & Robotics,moderate,active,2026-05-01,Use for naval maritime autonomy and sensor company discovery,unknown,,,,,,,,,,
Tawazun Council,https://www.tawazun.gov.ae/,government_program,UAE defence and security industry enabler connected to procurement industrial participation R&D and defence innovation,All Mission Areas,All Domains,high,active,2026-05-01,Search contracts partnerships R&D programs and linked company announcements,unknown,,,,,,,,,,
EDGE Group News,https://edgegroup.ae/news/,company_press_room,UAE defence technology group newsroom covering autonomous systems smart weapons electronic warfare naval and space activity,All Mission Areas,All Domains,moderate,active,2026-05-01,Use as a recurring company source for UAE defence capabilities and partner announcements,unknown,,,,,,,,,,
FIDAE Exhibitors,https://www.fidae.cl/en/exhibitors/?lang=en,conference,Chile aerospace defence homeland security space and UAV exhibitor source for Latin American and global companies,Autonomous Patrol|Distributed Sensor Networks|Expeditionary Communications Resilience,Autonomy & Robotics|Space Systems|ISR & Sensing,moderate,active,2026-05-01,Search exhibitor materials and follow companies to official product and press pages,unknown,,,,,,,,,,
FIDAE Exhibitor Catalogue,https://www.fidae.cl/fidae/site/docs/20260226/20260226160322/catalogo_de_expositores.pdf,conference,Official FIDAE exhibitor catalogue with company names countries sectors and websites,All Mission Areas,All Domains,moderate,active,2026-05-01,Use catalogue as Latin America aerospace defence and UAV company index,unknown,,,,,,,,,,
Expodefensa Exhibitors,https://www.expodefensa.com.co/exhibitors/,conference,Colombia defence and security exhibition exhibitor page under Ministry of Defense patronage,All Mission Areas,All Domains,moderate,active,2026-05-01,Use for Latin America defence security and multi-domain company discovery,unknown,,,,,,,,,,
Expodefensa 2023 Exhibitors,https://www.expodefensa.com.co/2023-exhibitors/,conference,Expodefensa prior exhibitor list with company names countries halls and stands,All Mission Areas,All Domains,moderate,active,2026-05-01,Use prior exhibitors as source trails into Colombian Latin American and international defence companies,unknown,,,,,,,,,,
LAAD Security Milipol Brazil Exhibitors,https://laadexpo.com.br/security/en/lista-de-expositores/,conference,Brazil security and defence-sector exhibitor list for police armed forces and security professionals,All Mission Areas,All Domains,moderate,active,2026-05-01,Use exhibitor directory for Brazil and Latin America security and defence company discovery,unknown,,,,,,,,,,
LAAD Defence And Security,https://www.laadexpo.com.br/defence/en/,conference,Brazil defence and security exhibition entry point for Latin American defence industry and official delegations,All Mission Areas,All Domains,moderate,active,2026-05-01,Search exhibitor lists news and event updates for Brazilian and regional defence companies,unknown,,,,,,,,,,
MSPO Exhibitor List,https://www.targikielce.pl/en/mspo/list-of-exhibitors?industries=8466,conference,Polish international defence industry exhibition exhibitor directory with European and global defence companies,All Mission Areas,All Domains,moderate,active,2026-05-01,Use as a Central and Eastern Europe company discovery source then verify through company pages,unknown,,,,,,,,,,
Estonian Defence And Aerospace Industry Association,https://defence.ee/,industry_association,Estonian defence space and security industry association with member ecosystem and sector news,All Mission Areas,All Domains,high,active,2026-05-01,Search members news awards and Ukraine cooperation trails for Baltic defence technology companies,unknown,,,,,,,,,,
Estonian Centre for Defence Investments,https://www.kaitseinvesteeringud.ee/en/organisation/,procurement_portal,Estonian central defence procurement and investment body under the Ministry of Defence,All Mission Areas,All Domains,high,active,2026-05-01,Search procurement news and investment pages for supplier and capability trails,unknown,,,,,,,,,,
Estonia Defence Procurement,https://kaitseministeerium.ee/en/organisation-contacts/centre-defence-investments/defence-procurement,procurement_portal,Estonian defence procurement explanation and official acquisition context,All Mission Areas,All Domains,high,active,2026-05-01,Use for public procurement context and links to Estonian defence investment sources,unknown,,,,,,,,,,
Swedish FMV Procurement,https://www.fmv.se/english/procurement/,procurement_portal,Swedish Defence Materiel Administration procurement page for defence equipment services and suppliers,All Mission Areas,All Domains,high,active,2026-05-01,Search procurements and supplier guidance for Swedish acquisition and company trails,unknown,,,,,,,,,,
SOFF Members,https://soff.se/en/members/,industry_association,Swedish Security and Defence Industry Association member directory for Swedish defence security and cyber companies,All Mission Areas,All Domains,high,active,2026-05-01,Use members list to discover Swedish defence tech companies and follow official sources,unknown,,,,,,,,,,
SOFF,https://soff.se/en/soff/,industry_association,Swedish security and defence industry association covering defence cyber civil security and market access,All Mission Areas,All Domains,high,active,2026-05-01,Use news members and policy pages for Swedish sector context and company trails,unknown,,,,,,,,,,
Digital Defence Ecosystem Finland,https://www.digitaldefence.fi/,industry_association,Finnish defence and dual-use technology ecosystem linking companies research institutes and export support,All Mission Areas,All Domains,moderate,active,2026-05-01,Search ecosystem company profiles and dual-use defence technology themes,unknown,,,,,,,,,,
Finnish Defence Forces Logistics Command,https://logistiikkalaitos.fi/en/logistics-system,procurement_portal,Finnish defence logistics and materiel support organization connected to procurement sustainment and readiness,Northern Logistics And Sustainment Readiness|Expeditionary Communications Resilience,Logistics & Sustainment|Communications & Infrastructure,high,active,2026-05-01,Use for Finnish logistics sustainment and procurement context,unknown,,,,,,,,,,
Indo Defence Expo,https://indodefence.com/,conference,Indonesia official tri-service defence aerospace maritime and security exhibition hosted by the Ministry of Defence,All Mission Areas,All Domains,moderate,active,2026-05-01,Search event pages exhibitors news and contract announcements for Southeast Asia source trails,unknown,,,,,,,,,,
Indo Defence Exhibitor,https://indodefence.com/exhibitor/,conference,Indo Defence exhibitor entry point with business matchmaking and defence sector participation context,All Mission Areas,All Domains,moderate,active,2026-05-01,Use as a recursive trail to Indonesian and international exhibitors and partners,unknown,,,,,,,,,,
Indo Defence About,https://indodefence.com/about-us/,conference,Indo Defence overview describing Indonesia defence aerospace maritime security and military technology focus,All Mission Areas,All Domains,moderate,active,2026-05-01,Use for event context and category keywords for Southeast Asia searches,unknown,,,,,,,,,,
LIMA Show Directory,https://www.lima2025.com/download/show_directory.pdf,conference,Langkawi International Maritime and Aerospace exhibition show directory for defence aerospace and maritime exhibitors,Underwater ISR|Arctic Domain Awareness|Expeditionary Communications Resilience,Maritime Systems|Space Systems|Communications & Infrastructure,moderate,active,2026-05-01,Use as Malaysia and Indo-Pacific exhibitor source trail then verify through company pages,unknown,,,,,,,,,,
Taiwan Aerospace Industry Association,https://www.taia.org.tw/en/,industry_association,Taiwan aerospace industry association supporting aerospace defence supply chain members and government R&D links,Autonomous Patrol|Distributed Sensor Networks|Expeditionary Communications Resilience,Space Systems|ISR & Sensing|Communications & Infrastructure,high,active,2026-05-01,Search industry news trade groups and member companies for Taiwan aerospace and defence suppliers,unknown,,,,,,,,,,
Taiwan Aerospace Industry Association Members,https://www.taia.org.tw/en/member.asp,industry_association,Taiwan aerospace association member directory with manufacturers and defence-adjacent suppliers,All Mission Areas,All Domains,high,active,2026-05-01,Use members as company discovery trail then verify capabilities on official company pages,unknown,,,,,,,,,,
Taiwan National Defense Industry Development Association,https://www.twdida.org.tw/,industry_association,Taiwan defence industry association connecting industry government and academia through meetings and seminars,All Mission Areas,All Domains,moderate,active,2026-05-01,Search association updates and member trails for Taiwan defence technology companies,unknown,,,,,,,,,,
Navy Command Taiwan Newsroom,https://navy.mnd.gov.tw/en/newsroom/,government_program,Taiwan Navy official news source with defence technology cooperation and maritime unmanned systems updates,Underwater ISR|Autonomous Patrol|Distributed Sensor Networks,Maritime Systems|Autonomy & Robotics|ISR & Sensing,high,active,2026-05-01,Search NCSIST naval academy underwater unmanned technology and maritime capability announcements,unknown,,,,,,,,,,
Shield AI Press Releases,https://shield.ai/press-release/,company_press_room,Shield AI official press releases for autonomous aircraft AI pilots V-BAT X-BAT and defence partnerships,Autonomous Patrol|Distributed Sensor Networks|Edge Data Processing,Autonomy & Robotics|ISR & Sensing|Cyber & Data,high,active,2026-05-01,Use as canonical company evidence for autonomy and unmanned aircraft capability records,unknown,,,,,,,,,,
Anduril Newsroom,https://www.anduril.com/newsroom,company_press_room,Anduril official newsroom for autonomy counter-UAS undersea systems missiles Lattice and manufacturing updates,Autonomous Patrol|Underwater ISR|Distributed Sensor Networks|Edge Data Processing,Autonomy & Robotics|Maritime Systems|ISR & Sensing|Cyber & Data,high,active,2026-05-01,Use as canonical company source and follow product pages and government award notices,unknown,,,,,,,,,,
Anduril Press Kit,https://www.anduril.com/press,company_press_room,Anduril official press kit and media resource page with company positioning and assets,All Mission Areas,All Domains,high,active,2026-05-01,Use for company metadata and links to durable official Anduril resources,unknown,,,,,,,,,,
Helsing Newsroom,https://helsing.ai/en/newsroom,company_press_room,Helsing official newsroom covering European defence AI autonomy aircraft and space initiatives,Edge Data Processing|Autonomous Patrol|Cyber Mission Assurance For Remote Operations,Cyber & Data|Autonomy & Robotics|Space Systems,high,active,2026-05-01,Use as canonical company source for European defence AI and software-defined capability records,unknown,,,,,,,,,,
Lockheed Martin News Releases,https://news.lockheedmartin.com/news-releases,company_press_room,Lockheed Martin official news release archive across aerospace missiles space maritime and C4ISR,All Mission Areas,All Domains,high,active,2026-05-01,Use as canonical source for prime contractor capabilities partnerships and awards,unknown,,,,,,,,,,
BAE Systems Newsroom,https://www.baesystems.com/en-us/newsroom,company_press_room,BAE Systems newsroom for US and global defence aerospace electronic systems submarines software and cyber updates,All Mission Areas,All Domains,high,active,2026-05-01,Use as canonical source for BAE capability and contract evidence,unknown,,,,,,,,,,
Saab Press Releases,https://www.saab.com/newsroom/press-releases,company_press_room,Saab official press release archive with aircraft naval sensors C-UAS AI and international partnership updates,All Mission Areas,All Domains,high,active,2026-05-01,Use as canonical company source for Swedish and global Saab capabilities,unknown,,,,,,,,,,
Northrop Grumman News Releases,https://investor.northropgrumman.com/news-events/news-releases,company_press_room,Northrop Grumman investor news release archive for aerospace defence space and financial announcements,All Mission Areas,All Domains,high,active,2026-05-01,Use with Northrop newsroom searches for contract awards space and autonomous aircraft evidence,unknown,,,,,,,,,,
RTX News Center,https://www.rtx.com/news/news-center,company_press_room,RTX official news center for Raytheon Collins Aerospace Pratt Whitney defence and aerospace updates,All Mission Areas,All Domains,high,active,2026-05-01,Use as canonical source for air defence missiles sensors engines C-UAS and resilient systems,unknown,,,,,,,,,,
General Dynamics News,https://www.gd.com/news,company_press_room,General Dynamics official news hub with press releases for aerospace marine combat and technologies businesses,All Mission Areas,All Domains,high,active,2026-05-01,Use press releases and business pages for submarines vehicles C4ISR and mission systems evidence,unknown,,,,,,,,,,
L3Harris Newsroom,https://www.l3harris.com/newsroom,company_press_room,L3Harris official newsroom for space mission systems radios sensors autonomous and tactical networking updates,Expeditionary Communications Resilience|Distributed Sensor Networks|Edge Data Processing,Communications & Infrastructure|ISR & Sensing|Cyber & Data,high,active,2026-05-01,Use as canonical source for comms ISR space and mission systems evidence,unknown,,,,,,,,,,
Leonardo Press Releases,https://www.leonardo.com/en/media-hub/press-releases,company_press_room,Leonardo official press release archive with region and category filters for aircraft electronics cyber space and uncrewed systems,All Mission Areas,All Domains,high,active,2026-05-01,Use filters by region and category to find global company and capability evidence,unknown,,,,,,,,,,
Thales Group Press Releases,https://www.thalesgroup.com/en/search-everything/press-releases,company_press_room,Thales official press release search covering defence aerospace cybersecurity space and secure communications,All Mission Areas,All Domains,high,active,2026-05-01,Use as canonical source for Thales sensors communications cyber and space capabilities,unknown,,,,,,,,,,
Rheinmetall News,https://www.rheinmetall.com/en/rheinmetall_ag/press/news/index.php,company_press_room,Rheinmetall official news hub covering vehicles weapons ammunition air defence electronics and industrial expansion,All Mission Areas,All Domains,high,active,2026-05-01,Use as canonical source for European land systems ammunition C-UAS and industrial capacity evidence,unknown,,,,,,,,,,
Kongsberg Press Room,https://www.kongsberg.com/news/press-room/,company_press_room,KONGSBERG group press room with releases and media assets across defence aerospace maritime and discovery businesses,All Mission Areas,All Domains,high,active,2026-05-01,Use for group-level announcements and links into defence aerospace source pages,unknown,,,,,,,,,,
Kongsberg Defence And Aerospace News Archive,https://www.kongsberg.com/kda/news/news-archive/,company_press_room,Kongsberg Defence and Aerospace official news archive with missile air defence remote weapon station comms naval and space updates,Underwater ISR|Expeditionary Communications Resilience|Distributed Sensor Networks,Maritime Systems|Communications & Infrastructure|Space Systems|ISR & Sensing,high,active,2026-05-01,Use as canonical source for KDA capability records and allied procurement trails,unknown,,,,,,,,,,
Israel Aerospace Industries,https://www.iai.co.il/,company_press_room,IAI official company site with news and press releases for space air land naval cyber and homeland security systems,All Mission Areas,All Domains,high,active,2026-05-01,Use company news and product pages as canonical evidence for IAI capabilities,unknown,,,,,,,,,,
Elbit Systems News,https://elbitsystems.com/news/,company_press_room,Elbit Systems official news area for defence electronics unmanned systems EW communications sensors and international awards,All Mission Areas,All Domains,high,active,2026-05-01,Use as canonical company source and supplement blocked pages with official PDFs or releases,unknown,,,,,,,,,,
Rafael Advanced Defense Systems,https://www.rafael.co.il/,company_press_room,Rafael official company site for air defence active protection precision weapons naval EW and laser defence systems,All Mission Areas,All Domains,high,active,2026-05-01,Use company pages and official publications as canonical evidence for Rafael capabilities,unknown,,,,,,,,,,
Asian Military Review,https://www.asianmilitaryreview.com/,publication,Asia-Pacific defence publication covering regional procurement industry events and military technology,All Mission Areas,All Domains,moderate,active,2026-05-01,Search for Asia-Pacific company mentions then corroborate with official company or government sources,unknown,,,,,,,,,,
EDR Magazine,https://www.edrmagazine.eu/,publication,European Defence Review online publication covering global defence exhibitions technology and European industry,All Mission Areas,All Domains,moderate,active,2026-05-01,Use for European and emerging-market company discovery then follow primary sources,unknown,,,,,,,,,,
Defence Industry Europe,https://defence-industry.eu/,publication,European defence industry publication focused on procurement industrial base companies and defence technology,All Mission Areas,All Domains,moderate,active,2026-05-01,Search for European industrial capacity company and programme leads with primary-source followup,unknown,,,,,,,,,,
Defense Here Defence Industry,https://defensehere.com/defense-industry,publication,International defence industry news platform with Turkish European and global exhibition coverage,All Mission Areas,All Domains,moderate,active,2026-05-01,Use for Turkey and global exhibition trails then verify with official source pages,unknown,,,,,,,,,,
European Commission EU Defence Industry,https://defence-industry-space.ec.europa.eu/eu-defence-industry_en,government_program,European Commission DG DEFIS page for EU defence industrial base competitiveness innovation and policy,All Mission Areas,All Domains,high,active,2026-05-01,Use for EU defence industrial policy context and links to programmes funding and calls,unknown,,,,,,,,,,
European Defence Industrial Strategy,https://commission.europa.eu/news-and-media/news/first-ever-european-defence-industrial-strategy-enhance-europes-readiness-and-security-2024-03-05_en,official_report,European Commission announcement for EU defence industrial strategy and European Defence Industry Programme,All Mission Areas,All Domains,high,active,2026-05-01,Use for policy context around European industrial readiness and funding source trails,unknown,,,,,,,,,,
Vanguard Canada,https://vanguardcanada.com/,publication,Canadian defence and security publication covering industry policy procurement technology and company announcements,All Mission Areas,All Domains,moderate,active,2026-05-01,Search technology tags interviews event coverage and company announcements then follow official company sources,unknown,,,,,,,,,,
Vanguard Canadian Defence Technology,https://vanguardcanada.com/tag/canadian-defence-technology/,publication,Vanguard tag page focused on Canadian defence technology investment innovation and industry announcements,All Mission Areas,All Domains,moderate,active,2026-05-01,Use for Canadian company and technology discovery around drones training shipbuilding C4ISR and dual-use innovation,unknown,,,,,,,,,,
Canadian Army Today,https://canadianarmytoday.com/,publication,Canadian Army focused publication with modernization exercises procurement industry and technology coverage,Northern Logistics And Sustainment Readiness|Distributed Sensor Networks|Expeditionary Communications Resilience,Logistics & Sustainment|ISR & Sensing|Communications & Infrastructure,moderate,active,2026-05-01,Search modernization equipment training and industry articles then verify through official or company pages,unknown,,,,,,,,,,
Esprit de Corps,https://www.espritdecorps.ca/,publication,Independent Canadian monthly defence magazine covering industry news policy and military affairs,All Mission Areas,All Domains,moderate,active,2026-05-01,Search industry competition procurement and company mentions for Canadian defence ecosystem trails,unknown,,,,,,,,,,
Skies Magazine,https://skiesmag.com/,publication,Canadian aviation and aerospace publication with military aviation RCAF industry and aerospace technology coverage,Arctic Domain Awareness|Expeditionary Communications Resilience|Distributed Sensor Networks,Space Systems|ISR & Sensing|Communications & Infrastructure,moderate,active,2026-05-01,Search military aviation RCAF Today aerospace company and CANSEC-related stories,unknown,,,,,,,,,,
Skies Publications,https://skiesmag.com/about-publications/,publication,Skies publication overview including RCAF Today and event circulation into CANSEC SecureTech and AIAC audiences,Arctic Domain Awareness|Expeditionary Communications Resilience,Space Systems|ISR & Sensing|Communications & Infrastructure,moderate,active,2026-05-01,Use to identify Skies and RCAF Today as recurring Canadian aerospace defence source trails,unknown,,,,,,,,,,
FrontLine Defence,https://frontlinedefence.ca/,publication,Canadian defence magazine source for policy procurement shipbuilding and security articles,All Mission Areas,All Domains,moderate,active,2026-05-01,Search archives for shipbuilding procurement Arctic security and Canadian defence industry references,unknown,,,,,,,,,,
SP Guide Publications,https://www.spguidepublications.com/about-us/overview.asp,publication,Indian publishing group behind SPs Aviation SPs Land Forces SPs Naval Forces and related defence show publications,All Mission Areas,All Domains,moderate,active,2026-05-01,Use as an India and Asia defence publication hub then branch into aviation land naval and show-news pages,unknown,,,,,,,,,,
SPs Aviation,https://www.sps-aviation.com/features,publication,Indian aviation and aerospace publication with military aviation industry and defence technology coverage,Arctic Domain Awareness|Distributed Sensor Networks|Expeditionary Communications Resilience,Space Systems|ISR & Sensing|Communications & Infrastructure,moderate,active,2026-05-01,Search defence budget Aero India military aviation and aerospace partnership coverage,unknown,,,,,,,,,,
SPs Land Forces,https://www.spslandforces.com/features/default.asp,publication,Indian land forces and defence publication covering army technology acquisitions industry and regional defence events,Autonomous Patrol|Northern Logistics And Sustainment Readiness|Distributed Sensor Networks,Autonomy & Robotics|Logistics & Sustainment|ISR & Sensing,moderate,active,2026-05-01,Search Make in India land systems artillery counter-UAS and industry partnership stories,unknown,,,,,,,,,,
Indian Defence Research Wing,https://idrw.org/,publication,India defence news publication tracking acquisition policy DRDO industry and technology developments,All Mission Areas,All Domains,moderate,active,2026-05-01,Search acquisition technology infusion DRDO industry and company partnership articles then confirm with official sources,unknown,,,,,,,,,,
India Defence,https://india-defence.com/,publication,Indian aerospace and defence news and networking site with daily alerts and industry discovery,All Mission Areas,All Domains,moderate,active,2026-05-01,Use for India-focused company and programme discovery followed by company or government corroboration,unknown,,,,,,,,,,
Defence Innovation Review,https://defenceinnovationreview.com/,publication,India defence innovation and market publication tracking companies startups indexes and industry strategy,All Mission Areas,All Domains,moderate,active,2026-05-01,Search defence startups innovation indexes company growth and technology announcements,unknown,,,,,,,,,,
Defence Connect,https://www.defenceconnect.com.au/,publication,Australian defence industry publication covering procurement industry awards AUKUS technology and company announcements,All Mission Areas,All Domains,moderate,active,2026-05-01,Search Australian company announcements contract awards autonomous systems shipbuilding and AUKUS trails,unknown,,,,,,,,,,
Australian Defence Magazine,https://www.australiandefence.com.au/,publication,Australian defence industry publication covering companies procurement budgets technology and programme updates,All Mission Areas,All Domains,moderate,active,2026-05-01,Search news by company programme and technology theme then verify through official sources,unknown,,,,,,,,,,
Defence Technology Review Australia,https://dtrmagazine.com/,publication,Indo-Pacific defence magazine covering acquisition programmes technology innovation and Australian defence industry,All Mission Areas,All Domains,moderate,active,2026-05-01,Search DTR news and media kits for capability acquisition company and technology trails,unknown,,,,,,,,,,
Asia Pacific Defence Reporter,https://asiapacificdefencereporter.com/,publication,Australian and Indo-Pacific defence publication covering military procurement industry and regional security,All Mission Areas,All Domains,moderate,active,2026-05-01,Search APDR issues and articles for Australia Indo-Pacific company and programme references,unknown,,,,,,,,,,
Defence Industry Australia,https://www.defenceindustry.com.au/,publication,Australian defence industry publication promoting product launches technology breakthroughs and media releases,All Mission Areas,All Domains,moderate,active,2026-05-01,Use as a source for Australian company product launch and technology announcement trails,unknown,,,,,,,,,,
WA Defence Review,https://www.wadefencereview.com.au/,publication,Western Australia defence sector publication with annual reviews industry features and maritime precinct coverage,Underwater ISR|Northern Logistics And Sustainment Readiness|Expeditionary Communications Resilience,Maritime Systems|Logistics & Sustainment|Communications & Infrastructure,moderate,active,2026-05-01,Search shipbuilding Henderson AUKUS naval sustainment and Western Australia defence company features,unknown,,,,,,,,,,
Australian Defence Business Review,https://adbr.com.au/,publication,Australian defence aerospace and security publication covering ADF programmes industry and capability development,All Mission Areas,All Domains,moderate,active,2026-05-01,Search air maritime land C4ISR and Australian defence industry stories,unknown,,,,,,,,,,
UK Defence Journal,https://ukdefencejournal.org.uk/,publication,UK defence publication covering naval air land procurement industry and military technology news,All Mission Areas,All Domains,moderate,active,2026-05-01,Search naval announcements industry contracts technology and Royal Navy capability stories,unknown,,,,,,,,,,
UK Defence Journal Announcements,https://ukdefencejournal.org.uk/news/announcements/,publication,UK Defence Journal announcement stream for procurement policy and industry updates,All Mission Areas,All Domains,moderate,active,2026-05-01,Use announcement archive for UK contract and capability trails then corroborate with GOV.UK or company releases,unknown,,,,,,,,,,
Navy Lookout Technical Briefing,https://www.navylookout.com/category/technical-briefing/,publication,UK naval publication technical briefing section with uncrewed systems radar minehunting shipbuilding and fleet technology,Underwater ISR|Autonomous Patrol|Distributed Sensor Networks,Maritime Systems|Autonomy & Robotics|ISR & Sensing,moderate,active,2026-05-01,Search technical briefings for Royal Navy technology companies and maritime capability trails,unknown,,,,,,,,,,
Defence Online,https://www.defenceonline.co.uk/,publication,UK defence procurement and industry news site connected to contracts suppliers and market opportunities,All Mission Areas,All Domains,moderate,active,2026-05-01,Search UK defence procurement dual-use technology and supplier stories,unknown,,,,,,,,,,
ADS Advance,https://www.adsadvance.co.uk/,publication,UK aerospace defence security and space trade publication with company and association announcements,All Mission Areas,All Domains,moderate,active,2026-05-01,Search company announcements ADS members partnerships and UK aerospace defence technology updates,unknown,,,,,,,,,,
Aerospace Innovations,https://aerospace-innovations.com/,publication,UK aerospace and defence innovation publication carrying dual-use technology and defence industry updates,All Mission Areas,All Domains,moderate,active,2026-05-01,Search defence latest news innovation dual-use and company partnership stories,unknown,,,,,,,,,,
Janes Defence News,https://www.janes.com/defence-intelligence-insights/defence-news/24,publication,Janes defence and security news covering equipment technology industry contracts and company announcements,All Mission Areas,All Domains,high,active,2026-05-01,Search Janes defence news pages for verified company programme and technology references,unknown,,,,,,,,,,
Aviation Week Aerospace Daily Defense Report,https://aviationweek.com/content/aerospace-daily-defense-report,publication,Aviation Week daily aerospace and defence briefing covering company awards programmes technology and industry moves,All Mission Areas,All Domains,high,active,2026-05-01,Search daily briefs for contract awards technology announcements and company partnership trails,unknown,,,,,,,,,,
Aviation Week Defense,https://aviationweek.com/awst/defense,publication,Aviation Week defence section covering aerospace defence technology programme development and emerging trends,Autonomous Patrol|Distributed Sensor Networks|Expeditionary Communications Resilience,Space Systems|ISR & Sensing|Communications & Infrastructure,high,active,2026-05-01,Use for aerospace defence programme context and company technology announcements,unknown,,,,,,,,,,
FlightGlobal Aerospace,https://www.flightglobal.com/news/aerospace/,publication,Aerospace news publication covering defence aviation autonomous aircraft aerospace industry and programme announcements,Autonomous Patrol|Expeditionary Communications Resilience|Distributed Sensor Networks,Space Systems|Autonomy & Robotics|ISR & Sensing,moderate,active,2026-05-01,Search military aircraft autonomous aircraft company and partnership coverage,unknown,,,,,,,,,,
AIN Aerospace Defense,https://www.ainonline.com/section/aerospace-defense,publication,Aviation International News aerospace and defence section with military aviation aerospace technology and company updates,Autonomous Patrol|Distributed Sensor Networks|Expeditionary Communications Resilience,Space Systems|ISR & Sensing|Communications & Infrastructure,moderate,active,2026-05-01,Search aerospace defence section for military sales avionics satcom and special operations aircraft trails,unknown,,,,,,,,,,
Defense Aerospace,https://www.defense-aerospace.com/,publication,Global aerospace and defence news publication focused on programmes contracts industry and policy,All Mission Areas,All Domains,moderate,active,2026-05-01,Search announcements contracts industry and technology pages for primary-source followup,unknown,,,,,,,,,,
Defence Blog,https://defence-blog.com/,publication,Defence news site covering military technology contracts company announcements and battlefield systems,All Mission Areas,All Domains,moderate,active,2026-05-01,Use for broad discovery and follow claims to company or official announcements,unknown,,,,,,,,,,
Defense Mirror,https://www.defensemirror.com/,publication,Defence industry news outlet covering contracts procurement company awards and military technology,All Mission Areas,All Domains,moderate,active,2026-05-01,Search by company programme country and technology area then corroborate through official sources,unknown,,,,,,,,,,
The Defense Post,https://thedefensepost.com/,publication,Defence and security publication with military technology procurement and international security updates,All Mission Areas,All Domains,moderate,active,2026-05-01,Use for global discovery and follow to government company or programme sources,unknown,,,,,,,,,,
Defense Update,https://defense-update.com/,publication,Defence technology publication covering Israeli and global defence systems programmes and industry developments,All Mission Areas,All Domains,moderate,active,2026-05-01,Search sensors robotics missiles C4ISR and company announcements with official followup,unknown,,,,,,,,,,
Defence Industries Press Releases,https://www.defence-industries.com/industry-exclusives/press-releases,publication,Defence Industries press release section with company launches awards partnerships and product announcements,All Mission Areas,All Domains,moderate,active,2026-05-01,Use for company announcement discovery then verify through company press rooms,unknown,,,,,,,,,,
Army Technology Industry,https://www.army-technology.com/sector/industry/,publication,Army Technology industry section covering defence market suppliers company filings and procurement trends,Northern Logistics And Sustainment Readiness|Autonomous Patrol|Distributed Sensor Networks,Logistics & Sustainment|Autonomy & Robotics|ISR & Sensing,moderate,active,2026-05-01,Search industry pages for land systems company announcements and filings,unknown,,,,,,,,,,
Naval Technology,https://www.naval-technology.com/,publication,Naval defence industry publication covering shipbuilding naval systems procurement and maritime technology,Underwater ISR|Arctic Domain Awareness|Autonomous Patrol,Maritime Systems|ISR & Sensing|Autonomy & Robotics,moderate,active,2026-05-01,Search procurement company technology and featured-company sections for maritime source trails,unknown,,,,,,,,,,
Naval Today,https://www.navaltoday.com/,publication,Naval industry publication covering shipbuilding naval equipment technology and maritime defence programme updates,Underwater ISR|Arctic Domain Awareness|Autonomous Patrol,Maritime Systems|ISR & Sensing|Autonomy & Robotics,moderate,active,2026-05-01,Search equipment and technology yearly reviews company announcements and shipyard partnerships,unknown,,,,,,,,,,
SeaWaves Magazine,https://seawaves.com/,publication,Independent naval and coast guard news publication with global fleet industry and maritime security coverage,Underwater ISR|Arctic Domain Awareness|Expeditionary Communications Resilience,Maritime Systems|ISR & Sensing|Communications & Infrastructure,moderate,active,2026-05-01,Use posts archive for naval technology contract and company discovery trails,unknown,,,,,,,,,,
SeaWaves Latest News,https://seawaves.com/posts/,publication,SeaWaves latest-news archive for naval defence company programme and government announcements,Underwater ISR|Arctic Domain Awareness|Expeditionary Communications Resilience,Maritime Systems|ISR & Sensing|Communications & Infrastructure,moderate,active,2026-05-01,Search recent posts for named companies programmes and maritime technology topics,unknown,,,,,,,,,,
Defence Today Naval,https://www.defencetoday.com/naval/,publication,Defence Today naval section covering unmanned minehunting navigation systems frigates decoys and shipbuilding,Underwater ISR|Autonomous Patrol|Distributed Sensor Networks,Maritime Systems|Autonomy & Robotics|ISR & Sensing,moderate,active,2026-05-01,Use for naval capability and company announcement discovery with official followup,unknown,,,,,,,,,,
hartpunkt,https://www.hartpunkt.de/,publication,German defence and security publication covering Bundeswehr procurement European industry and company technology updates,All Mission Areas,All Domains,moderate,active,2026-05-01,Search German language articles for European land air cyber and Ukraine defence industry trails,unknown,,,,,,,,,,
C4Defence,https://www.c4defence.com/en/,publication,Turkish online defence industry magazine covering Turkish global defence products partnerships and sector news,All Mission Areas,All Domains,moderate,active,2026-05-01,Search sectoral news magazine news and Turkish company technology announcements,unknown,,,,,,,,,,
C4Defence Magazine News,https://www.c4defence.com/en/magazine-news/,publication,C4Defence magazine news archive for Turkish and global defence industry topics,All Mission Areas,All Domains,moderate,active,2026-05-01,Use issue and sectoral news pages for Turkey company and programme trails,unknown,,,,,,,,,,
Europaeische Sicherheit und Technik,https://esut.de/en/information/,publication,German security and defence technology publisher with monthly ESUT and military economy newsletter,All Mission Areas,All Domains,moderate,active,2026-05-01,Search ESUT and newsletter pages for German defence market and technology announcements,unknown,,,,,,,,,,
Soldat und Technik,https://soldat-und-technik.de/,publication,German defence technology and defence policy portal covering Bundeswehr industry equipment and European programmes,All Mission Areas,All Domains,moderate,active,2026-05-01,Search German articles for procurement equipment company and technology trails,unknown,,,,,,,,,,
Defence24,https://defence24.com/,publication,Polish defence and security publication covering Central European procurement industry technology and geopolitics,All Mission Areas,All Domains,moderate,active,2026-05-01,Search company and programme news around Poland Baltic states Ukraine and European industry,unknown,,,,,,,,,,
Air Cosmos,https://www.air-cosmos.com/,publication,French aerospace industry publication covering aviation space defence industry and technology,Autonomous Patrol|Distributed Sensor Networks|Expeditionary Communications Resilience,Space Systems|ISR & Sensing|Communications & Infrastructure,moderate,active,2026-05-01,Search aerospace defence and space company announcements in French industry ecosystem,unknown,,,,,,,,,,
Infodefensa,https://www.infodefensa.com/,publication,Spanish language defence industry publication covering Spain Latin America programmes companies and technology,All Mission Areas,All Domains,moderate,active,2026-05-01,Search Spain and Latin America company announcements procurement and industrial autonomy stories,unknown,,,,,,,,,,
Infodefensa Spain Defence Security Industry,https://www.infodefensa.com/publicaciones-anuario.php,publication,Infodefensa annual industry publication page for Spain defence and security industry,All Mission Areas,All Domains,moderate,active,2026-05-01,Use annual publications as structured company and market maps before primary-source verification,unknown,,,,,,,,,,
Tecnologia e Defesa,https://tecnodefesa.com.br/,publication,Brazilian defence technology and aerospace publication focused on military security strategy and industry,All Mission Areas,All Domains,moderate,active,2026-05-01,Search Brazilian defence industry aerospace and company technology stories,unknown,,,,,,,,,,
DefesaNet,https://www.defesanet.com.br/,publication,Brazilian defence and security publication covering armed forces industry aerospace and strategic technology,All Mission Areas,All Domains,moderate,active,2026-05-01,Search Brazilian company and programme announcements with official followup,unknown,,,,,,,,,,
Zona Militar,https://www.zona-militar.com/en/,publication,Latin American defence publication with English coverage of regional procurement industry and military technology,All Mission Areas,All Domains,moderate,active,2026-05-01,Search Latin America procurement company and defence technology announcements,unknown,,,,,,,,,,
DefenceWeb,https://defenceweb.co.za/,publication,Africa-focused defence publication covering military industry company news technology and procurement,All Mission Areas,All Domains,moderate,active,2026-05-01,Search company news industry archives and South African defence technology stories,unknown,,,,,,,,,,
DefenceWeb Industry,https://defenceweb.co.za/category/industry/,publication,DefenceWeb industry archive covering South African and African defence industry companies exports and technology,All Mission Areas,All Domains,moderate,active,2026-05-01,Use industry archive for African company discovery and official-source followup,unknown,,,,,,,,,,
Military Africa Technology,https://www.military.africa/category/technology/,publication,Africa-focused defence publication technology section covering procurement radar air defence cyber and military systems,All Mission Areas,All Domains,moderate,active,2026-05-01,Search technology articles for African defence company and procurement leads,unknown,,,,,,,,,,
Military Africa Insight,https://insight.military.africa/,publication,Military Africa industry support and publication hub with defence technology procurement trends and press-release guidance,All Mission Areas,All Domains,moderate,active,2026-05-01,Use as Africa defence industry source trail and publication ecosystem map,unknown,,,,,,,,,,
African Defence Magazine,https://africandefence.co.uk/,publication,Africa-focused defence magazine covering air aerospace land naval security and technology-transfer themes,All Mission Areas,All Domains,moderate,active,2026-05-01,Search technology transfer African aerospace and defence partnership articles,unknown,,,,,,,,,,
Arabian Aerospace,https://www.arabianaerospace.aero/,publication,Middle East and Africa aerospace publication covering aviation defence aerospace companies and regional shows,Expeditionary Communications Resilience|Distributed Sensor Networks|Autonomous Patrol,Space Systems|ISR & Sensing|Communications & Infrastructure,moderate,active,2026-05-01,Search defence aerospace show coverage and regional company announcements,unknown,,,,,,,,,,
Defense Arabia,https://defense-arabia.com/en/,publication,Arabic and English defence publication covering Middle East global defence news technologies and company announcements,All Mission Areas,All Domains,moderate,active,2026-05-01,Search Middle East defence technology company and exhibition stories with official followup,unknown,,,,,,,,,,
Nation Shield Magazine,https://www.nationshield.ae/,publication,UAE military and strategy magazine covering defence events industry partnerships and regional security technology,All Mission Areas,All Domains,moderate,active,2026-05-01,Search IDEX NAVDEX regional company and technology articles,unknown,,,,,,,,,,
Business Wire Defense,https://www.businesswire.com/newsroom/industry/defense,publication,Press release wire defence industry channel with company contracts partnerships product launches and funding news,All Mission Areas,All Domains,moderate,active,2026-05-01,Use as announcement discovery layer and verify important claims on company or customer pages,unknown,,,,,,,,,,
PR Newswire Aerospace Defense,https://www.prnewswire.com/news-releases/heavy-industry-manufacturing-latest-news/aerospace-defense-list/,publication,PR Newswire aerospace and defence release channel for company announcements across heavy industry manufacturing and defence,All Mission Areas,All Domains,moderate,active,2026-05-01,Search company names product launches partnerships and funding announcements then verify through primary pages,unknown,,,,,,,,,,
PR Newswire APAC Aerospace Defense,https://en.prnasia.com/global_releases/industry_ARO.shtml,publication,PR Newswire APAC aerospace and defence channel covering Asia-Pacific company and event announcements,All Mission Areas,All Domains,moderate,active,2026-05-01,Use for Indo-Pacific aerospace defence company announcements and show-related releases,unknown,,,,,,,,,,
GlobeNewswire Aerospace Defense,https://www.globenewswire.com/en/news/industrials-utilities/aerospace-defense,publication,GlobeNewswire aerospace and defence press release channel covering public company announcements and partnerships,All Mission Areas,All Domains,moderate,active,2026-05-01,Use as a company press release discovery source then corroborate with official company sites,unknown,,,,,,,,,,
EIN Presswire Military,https://www.einpresswire.com/channel/military,publication,EIN Presswire military channel carrying defence company announcements cyber defence products and industry news,All Mission Areas,All Domains,moderate,active,2026-05-01,Search military and aerospace channels for smaller company announcements and regional press releases,unknown,,,,,,,,,,
PR.com Aerospace Defense,https://www.pr.com/press-releases/1,publication,PR.com aerospace and defence press release category with company product launch event and partnership announcements,All Mission Areas,All Domains,moderate,active,2026-05-01,Use cautiously for discovery and require company or customer corroboration for evidence,unknown,,,,,,,,,,
Access Newswire Aerospace Defense,https://www.accessnewswire.com/newsroom/industry/aerospace-and-defense,publication,Access Newswire aerospace and defence newsroom covering military contracts space and defence technology releases,All Mission Areas,All Domains,moderate,active,2026-05-01,Search for emerging company announcements and follow official company pages,unknown,,,,,,,,,,
PressRelease Military Defense,https://www.pressrelease.com/newsroom/industries-military-and-defense,publication,PressRelease.com military and defence newsroom with company technology cyber and product announcements,All Mission Areas,All Domains,moderate,active,2026-05-01,Use as broad announcement discovery layer with primary-source verification,unknown,,,,,,,,,,
WebWire Aerospace Defense,https://www.webwire.com/industry-news.asp?indu=ARO,publication,WebWire aerospace and defence industry news channel carrying company announcements and defence technology releases,All Mission Areas,All Domains,moderate,active,2026-05-01,Search recent releases for company partnerships contracts and technology launches,unknown,,,,,,,,,,
GovCon Wire News,https://www.govconwire.com/articles/category/news,publication,US government contracting publication covering defence awards M&A executive moves and company announcements,All Mission Areas,All Domains,moderate,active,2026-05-01,Search contract awards defence technology cyber space and company movements,unknown,,,,,,,,,,
ExecutiveBiz,https://www.executivebiz.com/,publication,US federal and government contracting publication covering company contract awards technology strategy M&A and executive moves,All Mission Areas,All Domains,moderate,active,2026-05-01,Search defence technology awards unmanned systems space and cyber company announcements,unknown,,,,,,,,,,
MeriTalk Industry News,https://www.meritalk.com/news/industry-news/,publication,Federal technology publication with industry news around cyber AI cloud defence intelligence and public sector vendors,Cyber Mission Assurance For Remote Operations|Edge Data Processing|Expeditionary Communications Resilience,Cyber & Data|Communications & Infrastructure,moderate,active,2026-05-01,Search industry interviews and AI cyber cloud announcements with defence relevance,unknown,,,,,,,,,,
Nextgov Cyber Defense,https://www.nextgov.com/topic/cyber-defense/,publication,Federal technology publication topic page covering cyber defence agencies vendors AI and public-sector cyber policy,Cyber Mission Assurance For Remote Operations|Edge Data Processing,Cyber & Data,moderate,active,2026-05-01,Search cyber defence vendor and government technology announcements,unknown,,,,,,,,,,
Constellations Space Podcast,https://www.constellationspodcast.com/,publication,Satellite and space industry publication and podcast focused on commercial military and government space transformation,Arctic Domain Awareness|Distributed Sensor Networks|Expeditionary Communications Resilience,Space Systems|ISR & Sensing|Communications & Infrastructure,moderate,active,2026-05-01,Use guests and episode pages to discover space and satellite companies relevant to defence,unknown,,,,,,,,,,
Satellite Markets,https://www.satellitemarkets.com/,publication,Satellite industry publication covering communications space markets executives and defence-relevant satellite services,Expeditionary Communications Resilience|Distributed Sensor Networks|Arctic Domain Awareness,Space Systems|Communications & Infrastructure|ISR & Sensing,moderate,active,2026-05-01,Search executive features and magazine issues for satcom SDA and space company trails,unknown,,,,,,,,,,
Satellite World Today,https://satelliteworldtoday.com/,publication,Satellite industry publication covering military space innovation public-private partnerships and commercial space services,Expeditionary Communications Resilience|Distributed Sensor Networks|Arctic Domain Awareness,Space Systems|Communications & Infrastructure|ISR & Sensing,moderate,active,2026-05-01,Search military space partnership and hybrid architecture stories for company discovery,unknown,,,,,,,,,,
SatMagazine,https://satmagazine.com/,publication,Satellite industry magazine with executive spotlights space domain awareness AI and commercial space coverage,Expeditionary Communications Resilience|Distributed Sensor Networks|Arctic Domain Awareness,Space Systems|Communications & Infrastructure|ISR & Sensing,moderate,active,2026-05-01,Search issues for SDA satcom AI and space defence company coverage,unknown,,,,,,,,,,
Defense And Aerospace Report,https://defaeroreport.com/,publication,Defence and aerospace reporting site with interviews podcasts analysis and industry event coverage,All Mission Areas,All Domains,moderate,active,2026-05-01,Search interviews and event coverage for company strategy technology partnerships and programme context,unknown,,,,,,,,,,
CADSI News,https://www.defenceandsecurity.ca/media/CADSI-News,association,CADSI news releases announcements and association commentary across Canadian defence security and emerging technology industry,All Mission Areas,All Domains,high,active,2026-05-02,Search yearly CADSI news items for industry-government signals Canadian company mentions CANSEC CAF Outlooks and policy responses,unknown,News index inspected; no RSS or newsletter confirmed on page; monitor with CADSI LinkedIn and event pages,,,,,,,,,
CADSI LinkedIn,https://ca.linkedin.com/company/canadian-association-of-defence-and-security-industries,linkedin_page,Official CADSI LinkedIn page with association updates CAF Outlooks CANSEC activity and Canadian defence industry signals,All Mission Areas,All Domains,moderate,active,2026-05-02,Use posts as discovery paths to CADSI pages member companies CAF Outlooks CANSEC exhibitors and official programme links,yes,LinkedIn page; recurring social feed for Canadian defence association updates,,,,,,,,,
DRDC LinkedIn,https://ca.linkedin.com/company/drdc,linkedin_page,Official DRDC LinkedIn page for Canadian defence science and technology updates across research centres and public safety communities,All Mission Areas,All Domains,moderate,active,2026-05-02,Use posts to discover DRDC research programmes events publications and linked Canada.ca source pages,yes,LinkedIn page; recurring social feed for DRDC science and technology updates,,,,,,,,,
DND Maple Leaf,https://www.canada.ca/maple-leaf,government_program,Official National Defence Maple Leaf publication with CAF Defence Team operations technology and regional stories,All Mission Areas,All Domains,high,active,2026-05-02,Search Defence Team News and force-specific categories for public capability trials procurement context and operational updates,unknown,Publication index inspected; recurring feed not confirmed,,,,,,,,,
Royal Canadian Navy News,https://www.canada.ca/en/navy/corporate/navy-news.html,government_program,Official RCN news hub with Maple Leaf links Our Navy Today newsletter Trident Lookout and other naval publications,Arctic Domain Awareness|Underwater ISR|Northern Logistics And Sustainment Readiness,Maritime Systems|ISR & Sensing|Communications & Infrastructure,high,active,2026-05-02,Use as official entry point for RCN publications new equipment technology naval trials and fleet modernization context,yes,Page identifies Our Navy Today monthly newsletter plus Trident and Lookout publication paths,,,,,,,,,
Canadian Army Journal,https://www.canada.ca/en/army/services/canadian-army-journal.html,official_report,Official Canadian Army Journal with land warfare articles doctrine technology commentary archives and subscribe link,Autonomous Patrol|Distributed Sensor Networks|Expeditionary Communications Resilience,Autonomy & Robotics|ISR & Sensing|Communications & Infrastructure,high,active,2026-05-02,Search latest volume and archives for land capability concepts technology modernization and operational lessons,yes,Page includes Subscribe link and archive paths,,,,,,,,,
CADSI Mandate and Mission,https://www.defenceandsecurity.ca/en/about/our-mandate-mission/our-mandate-mission,industry_association,Official CADSI mandate page describing the association role across Canadian defence security and emerging technology industry,All Mission Areas,All Domains,high,active,2026-07-20,Use as canonical identity mandate and ecosystem-organization evidence before following programs and member services,unknown,No RSS confirmed during weekly source-book expansion,high,Canada,ecosystem_organization,,quarterly,CADSI,2026-07-20,None,https://www.defenceandsecurity.ca/en/small-medium-businesses-smbs|https://cansec.defenceandsecurity.ca/
CADSI SMB and Gateway Support,https://www.defenceandsecurity.ca/en/small-medium-businesses-smbs,industry_association,Official CADSI page covering SMB access advocacy committees Gateway tools CANSEC CAF Outlooks Cyber and Digital Outlooks and international events,All Mission Areas,All Domains,high,active,2026-07-20,Use for sourced program and relationship evidence supporting ecosystem organization candidates,unknown,No RSS confirmed during weekly source-book expansion,high,Canada,ecosystem_organization,,quarterly,CADSI,2026-07-20,None,https://www.defenceandsecurity.ca/en/events-/cadsi-international-program/cadsi-international-program
CANSEC Official Event Site,https://cansec.defenceandsecurity.ca/,conference,Official CANSEC site produced by CADSI and describing the annual Ottawa defence and security trade show,All Mission Areas,All Domains,high,active,2026-07-20,Use as canonical CANSEC program evidence and as a recurring exhibitor trail for Canadian defence companies,unknown,No RSS confirmed during weekly source-book expansion,high,Canada,ecosystem_organization,,annual,CADSI,2026-07-20,None,https://www.defenceandsecurity.ca/CANSEC/cansec/ContactUs
CADSI International Program,https://www.defenceandsecurity.ca/en/events-/cadsi-international-program/cadsi-international-program,industry_association,Official CADSI international program page for Canada Pavilion trade-show support delegation coordination and market access,All Mission Areas,All Domains,high,active,2026-07-20,Use for Canada Pavilion and international ecosystem-support relationship evidence,unknown,No RSS confirmed during weekly source-book expansion,moderate,Canada,ecosystem_organization,,quarterly,CADSI,2026-07-20,None,https://www.canadapavilion.ca/
Canadian Military Journal Catalogue,https://publications.gc.ca/site/eng/9.507240/publication.html,official_report,Government of Canada catalogue record for Canadian Military Journal issues covering defence policy technology procurement doctrine and operations,All Mission Areas,All Domains,high,active,2026-05-02,Use catalogue issue list for public Canadian defence analysis and references supporting mission context,unknown,Catalogue inspected; no newsletter or RSS confirmed,,,,,,,,,
Trident Newspaper,https://tridentnewspaper.com/,publication,CFB Halifax Trident newspaper covering Maritime Forces Atlantic RCN news ship programmes and regional defence stories,Arctic Domain Awareness|Underwater ISR|Northern Logistics And Sustainment Readiness,Maritime Systems|ISR & Sensing|Communications & Infrastructure,moderate,active,2026-05-02,Search news archive and e-edition archive for RCN fleet modernization shipbuilding Arctic and Atlantic defence ecosystem stories,yes,Site exposes RSS plus Facebook and Twitter links,,,,,,,,,
Maple Leaf Navy Magazine,https://www.mapleleafnavy.com/,publication,Independent Canadian naval news publication focused on Royal Canadian Navy ships programmes and Canadian maritime defence updates,Arctic Domain Awareness|Underwater ISR|Northern Logistics And Sustainment Readiness,Maritime Systems|ISR & Sensing|Communications & Infrastructure,moderate,active,2026-05-02,Use as a naval discovery source then verify programme and company claims through official or company pages,unknown,Main page inspected by search result; no recurring feed confirmed,,,,,,,,,
RUSI Vancouver Island Newsletter,https://rusiviccda.org/newsletter,publication,RUSI Vancouver Island quarterly newsletter with Canadian defence national security and military technology commentary,All Mission Areas,All Domains,moderate,active,2026-05-02,Search issues for Canadian air naval army and procurement commentary that can point to durable official sources,yes,Newsletter archive page with quarterly PDF issues,,,,,,,,,
RUSI Nova Scotia Dispatches,https://rusi.ca/dispatches,publication,RUSI Nova Scotia Dispatches newsletter covering Canadian defence and security news with Atlantic and naval relevance,Arctic Domain Awareness|Underwater ISR|Northern Logistics And Sustainment Readiness,Maritime Systems|ISR & Sensing|Communications & Infrastructure,moderate,active,2026-05-02,Use Dispatches as an Atlantic defence digest and follow cited items to official pages or company releases,yes,Dispatches is a recurring newsletter page,,,,,,,,,
Legion Magazine,https://legionmagazine.com/,publication,Canadian military history veterans and CAF affairs publication with e-newsletter and current defence-adjacent stories,All Mission Areas,All Domains,moderate,active,2026-05-02,Use cautiously for CAF context veterans policy and historical capability references; verify technology claims elsewhere,yes,Site promotes an e-newsletter for military history veterans and CAF stories,,,,,,,,,
SpaceQ In Defence of Canada Briefing,https://spaceq.ca/in-defence-of-canada-briefing-issue-1,newsletter,SpaceQ defence-focused Canada briefing tracking defence industry procurement space security and Canadian space capabilities,Arctic Domain Awareness|Distributed Sensor Networks|Expeditionary Communications Resilience,Space Systems|ISR & Sensing|Communications & Infrastructure,moderate,active,2026-05-02,Use briefing issues for Canadian space defence company trails procurement shifts and follow links to primary releases,yes,Briefing is described as a weekly Thursday newsletter,,,,,,,,,
Source Canada Newsletter,https://www.sourcecan.ca/newsletter,newsletter,Source Canada newsletter covering Canadian defence and dual-use startup procurement and Defence Industrial Strategy implications,All Mission Areas,All Domains,moderate,active,2026-05-02,Use as a startup and dual-use defence ecosystem digest; follow cited companies and programmes to durable sources,yes,Newsletter archive page with Source Canada email publication,,,,,,,,,
ACADA News,https://ac-ada.ca/news,association,Atlantic Canada Aerospace and Defence Association news archive with member news press releases and capability filters,All Mission Areas,All Domains,high,active,2026-05-02,Search member news and press release tags for Atlantic Canadian defence marine cyber space and training companies,unknown,News archive inspected; no newsletter or RSS confirmed,,,,,,,,,
ACADA LinkedIn,https://ca.linkedin.com/company/ac-ada,linkedin_page,Official ACADA LinkedIn feed for Atlantic Canada aerospace defence marine cyber and space industry updates,All Mission Areas,All Domains,moderate,active,2026-05-02,Use posts for Atlantic Canadian defence company discovery MASS conference updates and member announcements,yes,LinkedIn page; recurring social feed for ACADA member and event updates,,,,,,,,,
AIAC LinkedIn,https://ca.linkedin.com/company/aiac-news,linkedin_page,Official Aerospace Industries Association of Canada LinkedIn feed with Canadian aerospace and defence industrial strategy updates,Expeditionary Communications Resilience|Distributed Sensor Networks|Autonomous Patrol,Space Systems|ISR & Sensing|Autonomy & Robotics,moderate,active,2026-05-02,Use posts to discover Canadian aerospace defence companies policy submissions events and dual-use innovation signals,yes,LinkedIn page; recurring social feed,,,,,,,,,
Aerial Evolution Association of Canada LinkedIn,https://ca.linkedin.com/company/aerial-evolution-association-of-canada,linkedin_page,Canadian uncrewed systems association LinkedIn page with Aerial Evolution News emails trade delegations and unmanned systems updates,Autonomous Patrol|Distributed Sensor Networks|Arctic Domain Awareness,Autonomy & Robotics|ISR & Sensing|Space Systems,moderate,active,2026-05-02,Use posts and association updates for Canadian drone RPAS AAM and autonomous systems company discovery,yes,LinkedIn page; search result notes Aerial Evolution News emails and social sharing,,,,,,,,,
DEFSEC Atlantic,https://defsecatlantic.ca/,conference,Atlantic Canada defence security and aerospace exhibition site for exhibitors conference updates and regional supplier discovery,All Mission Areas,All Domains,moderate,active,2026-05-02,Use exhibitor floorplans show news and conference materials to identify Canadian defence suppliers then verify on company pages,unknown,Event site inspected; recurring feed not confirmed,,,,,,,,,
DEFSEC Atlantic LinkedIn,https://ca.linkedin.com/company/defsec-atlantic,linkedin_page,DEFSEC Atlantic LinkedIn feed with Canadian defence security aerospace exhibitor and event updates,All Mission Areas,All Domains,moderate,active,2026-05-02,Use posts to discover exhibitors booth interviews Atlantic Canada companies and linked durable event material,yes,LinkedIn page; recurring event social feed,,,,,,,,,
DEFSEC West,https://defsecwest.ca/,conference,Western Canada defence and security event site focused on connecting industry government and innovators,All Mission Areas,All Domains,moderate,active,2026-05-02,Use show manual exhibitors and event updates to identify Western Canadian defence companies and source trails,unknown,Event site inspected; recurring feed not confirmed,,,,,,,,,
Vimy Forge LinkedIn,https://ca.linkedin.com/company/vimy-forge,linkedin_page,Vimy Forge LinkedIn page for Canadian defence tech accelerator updates and startup ecosystem signals,All Mission Areas,All Domains,moderate,active,2026-05-02,Use posts to discover accelerator cohorts Canadian defence SMEs compliance pathways and linked official sources,yes,LinkedIn page; recurring accelerator social feed,,,,,,,,,
ONE9,https://www.one9.ca/,association,Canadian national security tech investment and innovation platform with commentary news and defence startup ecosystem signals,All Mission Areas,All Domains,moderate,active,2026-05-02,Use for Canadian defence security investment commentary startup discovery and links to portfolio or ecosystem sources,unknown,Homepage says follow for news updates press releases but no specific feed confirmed,,,,,,,,,
Kraken Robotics Press Releases,https://www.krakenrobotics.com/press-releases,company_press_room,Canadian subsea robotics and maritime defence company press release archive with sonar AUV battery and defence order announcements,Underwater ISR|Autonomous Patrol|Arctic Domain Awareness,Maritime Systems|Autonomy & Robotics|ISR & Sensing,high,active,2026-07-23,Search recent releases for synthetic aperture sonar subsea batteries UUV programmes defence orders and allied maritime partnerships,unknown,Press archive inspected; no newsletter RSS or social feed confirmed on page,,,,,,,,,,public_web,discovery_and_evidence,technology_launch|technology_update|contract_or_award|partnership_or_consortium|financing_or_ownership_event,2026-07-20,2026-07-23
General Dynamics Mission Systems Canada,https://gdmissionsystems.ca/,company_press_room,Canadian defence and security systems company site with news features C5ISR ASW cyber land sea air and space capability pages,All Mission Areas,All Domains,high,active,2026-05-02,Search site articles and capability pages for Canadian Army C5ISR ASW Battle Lab DIGITALspine ENVOY and sovereign technology stories,unknown,Homepage has news links but recurring feed not confirmed,,,,,,,,,
Cellula Robotics News,https://cellula.com/cellula-robotics-news,company_press_room,Canadian autonomous underwater vehicle company news archive with AUV press releases defence accelerator and subsea autonomy updates,Underwater ISR|Autonomous Patrol|Arctic Domain Awareness,Maritime Systems|Autonomy & Robotics|ISR & Sensing,high,active,2026-05-02,Search AUV and press release categories for Canadian subsea autonomy defence critical infrastructure and allied programme signals,unknown,News archive inspected; no newsletter RSS or social feed confirmed,,,,,,,,,
OSI Maritime Systems,https://osimaritime.com/,company_press_room,Canadian naval navigation and tactical systems company homepage with latest OSI news contract and product updates,Underwater ISR|Arctic Domain Awareness|Expeditionary Communications Resilience,Maritime Systems|ISR & Sensing|Communications & Infrastructure,high,active,2026-05-02,Search latest OSI news for RCN River-class destroyer IBNS ECPINS WECDIS GNSS-denied navigation and allied navy contracts,unknown,Homepage exposes latest news but no recurring feed confirmed,,,,,,,,,
MDA Space News Releases,https://mda.space/news,company_press_room,Canadian space and defence company news release page covering 49North C4ISR space security and defence programmes,Arctic Domain Awareness|Distributed Sensor Networks|Expeditionary Communications Resilience,Space Systems|ISR & Sensing|Communications & Infrastructure,high,active,2026-05-02,Search news releases for 49North C4ISR RCN ISTAR UAS space domain awareness MILSATCOM and Canadian defence contracts,unknown,News release page inspected; no newsletter RSS or social feed confirmed,,,,,,,,,
L3Harris Canada Newsroom,https://www.l3harris.com/en-ca/newsroom,company_press_room,L3Harris Canada newsroom with Canadian defence aerospace ISR sustainment maritime and space-related updates,Arctic Domain Awareness|Distributed Sensor Networks|Expeditionary Communications Resilience,ISR & Sensing|Communications & Infrastructure|Space Systems,high,active,2026-05-02,Search Canadian newsroom for WESCAM MAS F-35 sustainment RCN ISTAR P-8 EOIR and Canadian supplier announcements,unknown,Newsroom inspected; no newsletter RSS or social feed confirmed,,,,,,,,,
Volatus Aerospace Investor News,https://investor.volatusaerospace.com/news,company_press_room,Canadian uncrewed systems and aerial intelligence company investor news page with defence and NATO-aligned aerospace updates,Autonomous Patrol|Distributed Sensor Networks|Arctic Domain Awareness,Autonomy & Robotics|ISR & Sensing|Space Systems,moderate,active,2026-05-02,Search news for Mirabel drone manufacturing NATO defence contracts BVLOS ISR and Canadian-controlled aerospace defence updates,yes,Page has sign-up for updates plus LinkedIn Facebook Instagram and YouTube links,,,,,,,,,
Calian News Media,https://resources.calian.com/news-media,company_press_room,Calian news media page for Canadian mission-critical defence space C5ISRT and infrastructure announcements,Cyber Mission Assurance For Remote Operations|Edge Data Processing|Expeditionary Communications Resilience,Cyber & Data|Communications & Infrastructure|Space Systems,high,active,2026-05-02,Search news releases for Calian VENTURES C5ISRT defence training space and Canadian sovereign capability partnerships,unknown,Page loaded as news media entry but recurring feed not confirmed,,,,,,,,,
Roshel,https://roshel.com/,official_company,Canadian armoured and special-purpose vehicle manufacturer with in-house design fabrication assembly and upfitting,All Mission Areas,Advanced Manufacturing And Integration|Aerospace And Mobility,high,active,2026-07-21,Follow Senator variants Canadian production public contracts government visits and defence vehicle product updates,yes,Official product and newsroom pages provide recurring manufacturing and program updates,high,Canada,company,,monthly,roshel.com,2026-07-21,Some customer claims require government corroboration,https://roshel.com/about/|https://roshel.com/products/defense/|https://roshel.com/news/
Skies Press Releases,https://skiesmag.com/press-releases,publication,Canadian aviation aerospace and defence press release archive with DND RCAF RPAS supplier and aerospace industry announcements,Expeditionary Communications Resilience|Autonomous Patrol|Arctic Domain Awareness,Space Systems|Autonomy & Robotics|ISR & Sensing,moderate,active,2026-05-02,Search press releases for Canadian aerospace defence companies RCAF procurement RPAS ISR and supplier announcements,yes,Page links subscribe today's newsletter podcast YouTube and related MHM publication feeds,,,,,,,,,
Vertical Magazine,https://verticalmag.com/,publication,Canadian rotorcraft and vertical-lift publication with press releases military UAV and defence-adjacent aviation coverage,Autonomous Patrol|Northern Logistics And Sustainment Readiness|Arctic Domain Awareness,Autonomy & Robotics|Logistics & Sustainment|ISR & Sensing,moderate,active,2026-05-02,Search press releases and military topics for Canadian rotary-wing uncrewed aircraft and vertical-lift technology trails,unknown,Main page blocked by browser challenge during inspection; feed availability needs follow-up,,,,,,,,,
Helicopters Magazine,https://www.helicoptersmagazine.com/,publication,Canadian helicopter publication covering military rotary-wing aviation UAVs procurements SAR and aerospace industry news,Northern Logistics And Sustainment Readiness|Autonomous Patrol|Arctic Domain Awareness,Logistics & Sustainment|Autonomy & Robotics|ISR & Sensing,moderate,active,2026-05-02,Search military MRO procurement UAV and SAR topics for Canadian helicopter and aerospace supplier leads,unknown,Site inspected; topic pages visible but no recurring feed confirmed,,,,,,,,,
Deep Trekker Defence ROVs,https://www.deeptrekker.com/industries/defense,company_press_room,First-party defence page for portable underwater ROV reconnaissance inspection and diver-support capability,Underwater ISR|Autonomous Patrol,Maritime Systems|ISR & Sensing|Autonomy & Robotics,high,active,2026-07-15,Follow named ROV models and public defence deployments for product-level evidence,unknown,Canadian company source lead,,,,,,,,,
Voyis Observer Imaging Systems,https://voyis.com/observer-imaging-systems,company_press_room,First-party product page for underwater imaging payloads cameras lighting and laser-scanner integration,Underwater ISR,Maritime Systems|ISR & Sensing,high,active,2026-07-15,Follow named Observer models and public security or infrastructure deployments,unknown,Canadian company source lead,,,,,,,,,
RBR Realtime Sensors,https://rbr-global.com/products/sensors,company_press_room,First-party catalogue for Canadian oceanographic sensors spanning depth salinity temperature gases and polar deployments,Underwater ISR|Arctic Domain Awareness,Maritime Systems|ISR & Sensing,high,active,2026-07-15,Follow instrument pages and uncrewed or defence integration evidence,unknown,Canadian company source lead,,,,,,,,,
ISE Explorer AUV,https://ise.bc.ca/product/explorer,company_press_room,First-party product page for the Canadian long-range Explorer autonomous underwater vehicle and under-ice missions,Underwater ISR|Arctic Domain Awareness|Autonomous Patrol,Maritime Systems|ISR & Sensing|Autonomy & Robotics,high,active,2026-07-15,Follow current configurations payloads commercial status and recent programme evidence,unknown,Canadian company source lead,,,,,,,,,
Ocean Sonics icListen,https://oceansonics.com/,company_press_room,First-party source for Canadian smart hydrophones acoustic arrays onboard processing and real-time underwater monitoring,Underwater ISR|Arctic Domain Awareness|Distributed Sensor Networks,Maritime Systems|ISR & Sensing|Cyber & Data,high,active,2026-07-15,Follow product specifications and public defence or maritime-security deployments,unknown,Canadian company source lead,,,,,,,,,
SEAMOR Marine ROVs,https://seamor.com/,company_press_room,First-party catalogue for Canadian inspection-class remotely operated underwater vehicles,Underwater ISR|Autonomous Patrol,Maritime Systems|ISR & Sensing|Autonomy & Robotics,high,active,2026-07-15,Follow named ROV products and public defence security or critical-infrastructure applications,unknown,Canadian company source lead,,,,,,,,,
SubC Imaging Systems,https://www.subcimaging.com/home,company_press_room,First-party source for Canadian subsea cameras lighting lasers DVR and remote inspection systems,Underwater ISR,Maritime Systems|ISR & Sensing|Cyber & Data,high,active,2026-07-15,Follow one integrated product and public mission-specific deployments,unknown,Canadian company source lead,,,,,,,,,
Nautel Sonar,https://nautelsonar.com/,company_press_room,First-party source for Canadian naval sonar products wet-end subsystems and underwater-warfare programme support,Underwater ISR,Maritime Systems|ISR & Sensing,high,active,2026-07-15,Follow named systems and corroborating RCN or allied programme pages,unknown,Canadian company source lead,,,,,,,,,
JASCO Defence And Security,https://www.jasco.com/defence,company_press_room,First-party defence page for underwater acoustic systems analysis arrays software and Canadian naval upgrade work,Underwater ISR|Arctic Domain Awareness|Distributed Sensor Networks,Maritime Systems|ISR & Sensing|Cyber & Data,high,active,2026-07-15,Follow named products and corroborate programme claims through government or prime sources,unknown,Canadian company source lead,,,,,,,,,
Xeos XMA-11K Beacon,https://xeostech.com/sites/default/files/2025-02/XMA-11K%20Brochure.pdf,company_press_room,First-party brochure for a Canadian eleven-thousand-metre submersible asset-recovery beacon,Underwater ISR|Northern Logistics And Sustainment Readiness,Maritime Systems|Communications & Infrastructure,high,active,2026-07-15,Assess whether this belongs in mission coverage or only underwater support and recovery,unknown,Canadian company source lead,,,,,,,,,
AML Oceanographic,https://amloceanographic.ca/,company_press_room,First-party source for Canadian oceanographic sensors profilers and moving-vessel measurement systems,Underwater ISR|Arctic Domain Awareness,Maritime Systems|ISR & Sensing,high,active,2026-07-15,Follow named products and hydrographic or sonar-support deployments,unknown,Canadian company source lead,,,,,,,,,
Sensor Technology Ltd,https://sensortechcanada.com/,company_press_room,First-party source for Canadian piezoelectric acoustic sensors hydrophones and defence-prime underwater systems,Underwater ISR|Distributed Sensor Networks,Maritime Systems|ISR & Sensing,high,active,2026-07-15,Follow named acoustic systems public specifications and programme evidence,unknown,Canadian company source lead,,,,,,,,,
QinetiQ Canada,https://www.qinetiq.com/en-ca/what-we-do,company_press_room,Canadian entry point for test and evaluation target systems C4ISR cyber space and mission-rehearsal capabilities,Autonomous Patrol|Distributed Sensor Networks|Cyber Mission Assurance For Remote Operations,ISR & Sensing|Autonomy & Robotics|Cyber & Data,high,active,2026-07-17,Monitor Canadian capability and news pages for named products contracts and live-training evidence,unknown,Public beta expansion source cluster,,,,,,,,,
Wyvern Resources,https://www.wyvern.space/resources,company_press_room,First-party news insight and documentation hub for Canadian hyperspectral Earth-observation imagery and security applications,Arctic Domain Awareness|Distributed Sensor Networks|Edge Data Processing,ISR & Sensing|Cyber & Data,high,active,2026-07-17,Follow product specifications constellation updates and durable maritime or northern monitoring examples,unknown,Public beta expansion source cluster,,,,,,,,,
MANNARINO Systems And Software,https://www.mss.ca/,company_press_room,First-party source for Canadian safety-critical airborne software hardware systems engineering certification and M-RTOS,Edge Data Processing|Northern Logistics And Sustainment Readiness,Cyber & Data|Communications & Infrastructure,high,active,2026-07-17,Follow product service accreditation and Canadian aerospace programme evidence,unknown,Public beta expansion source cluster,,,,,,,,,
Bell Canada Operations,https://www.bellflight.com/global/canada,company_press_room,First-party Canadian rotorcraft manufacturing engineering testing delivery and sustainment overview,Arctic Domain Awareness|Northern Logistics And Sustainment Readiness,Communications & Infrastructure,high,active,2026-07-17,Follow Canadian platform programme sustainment and Mirabel capability updates,unknown,Public beta expansion source cluster,,,,,,,,,
Kognitiv Spark,https://www.kognitivspark.com/resources,company_press_room,First-party resource hub for secure mixed-reality remote support in defence marine energy and industrial settings,Edge Data Processing|Expeditionary Communications Resilience,Cyber & Data|Communications & Infrastructure,high,active,2026-07-17,Follow durable defence deployments security documentation and low-bandwidth operating evidence,unknown,Public beta expansion source cluster,,,,,,,,,
Beauceron Security,https://www.beauceronsecurity.com/blog,company_press_room,First-party source for Canadian human-centric cyber-risk awareness and behaviour-change platform updates,Cyber Mission Assurance For Remote Operations,Cyber & Data,high,active,2026-07-17,Follow current product documentation government use and mission-assurance evidence,unknown,Public beta expansion source cluster,,,,,,,,,
SSi Canada News,https://www.ssicanada.com/category/pr/,company_press_room,First-party release archive for remote-area satellite broadband and mobile networks across northern Canada,Arctic Domain Awareness|Distributed Sensor Networks|Expeditionary Communications Resilience,Cyber & Data|Communications & Infrastructure,high,active,2026-07-17,Follow resilient network deployments Indigenous partnerships and Nunavut service changes,unknown,Public beta expansion source cluster,,,,,,,,,
StandardAero Government And Military,https://standardaero.com/markets/governmentmilitary/,company_press_room,First-party capability hub for military aircraft propulsion maintenance repair overhaul engineering and fleet support,Northern Logistics And Sustainment Readiness,Communications & Infrastructure,high,active,2026-07-17,Follow Canadian facility capabilities contracts and platform-specific sustainment evidence,unknown,Public beta expansion source cluster,,,,,,,,,
NordSpace,https://nordspace.com/,company_press_room,First-party source for Canadian launch vehicles propulsion satellite systems spaceport infrastructure and SHARP defence research platforms,Arctic Domain Awareness|Autonomous Patrol|Edge Data Processing,ISR & Sensing|Autonomy & Robotics|Cyber & Data,high,active,2026-07-17,Separate demonstrated milestones from announced readiness and follow official test or award updates,unknown,Public beta expansion source cluster,,,,,,,,,
MDS Aero Support,https://mdsaero.com/news-events/,company_press_room,First-party news source for Canadian gas-turbine test facilities environmental simulation data acquisition and global support,Edge Data Processing|Northern Logistics And Sustainment Readiness,ISR & Sensing|Cyber & Data|Communications & Infrastructure,high,active,2026-07-17,Follow named product deployments and Canadian aerospace test-infrastructure evidence,unknown,Public beta expansion source cluster,,,,,,,,,
Mission Control Spacefarer AI,https://missioncontrolspace.com/products/spacefarer-ai/,company_product_page,First-party product evidence for flight-proven onboard AI deployment tools and space autonomy,Edge Data Processing|Autonomous Patrol And Monitoring,Mission Software And Data|Space And Earth Observation,high,active,2026-07-18,Follow flight demonstrations customer missions and product updates,unknown,Product page,high,Canada,company,,monthly,missioncontrolspace.com,2026-07-18,none,https://missioncontrolspace.com/products/|https://missioncontrolspace.com/stories/
Mission Control Moonyard,https://missioncontrolspace.com/about/facilities/moonyard/,company_facility_page,First-party location and test-facility evidence for Mission Control headquarters in Ottawa and lunar analogue work,Edge Data Processing,Mission Software And Data|Autonomous Systems,high,active,2026-07-18,Follow facility tests and named partner missions,unknown,Facility page,moderate,Canada,company,,quarterly,missioncontrolspace.com,2026-07-18,none,https://missioncontrolspace.com/about/facilities/
L-SPARK Accelerator,https://www.l-spark.com/our-accelerator/about-the-accelerator/,accelerator_directory,First-party description of the Canadian B2B SaaS accelerator and its national cohort model,,Mission Software And Data,high,active,2026-07-18,Follow cohort pages showcase announcements and corporate accelerator programs,unknown,Program directory,high,Canada,accelerator,,monthly,l-spark.com,2026-07-18,none,https://www.l-spark.com/blog/|https://www.l-spark.com/our-accelerator/how-it-works/
L-SPARK TELUS Sovereign AI Accelerator,https://www.l-spark.com/blog/telus-and-l-spark-launch-sovereign-ai-accelerator-to-propel-canadian-startups-onto-the-world-stage/,accelerator_program,First-party announcement of a Canadian sovereign AI accelerator for startups and scaleups,Edge Data Processing,Mission Software And Data,high,active,2026-07-18,Follow applications cohort selection and participant announcements,unknown,Program announcement,moderate,Canada,accelerator,,monthly,l-spark.com,2026-07-18,none,https://www.l-spark.com/telus-sovereign-ai-factory/|https://www.l-spark.com/blog/
COVE Start-Up Yard,https://coveocean.com/programs/cove-start-up-yard/,incubator_program,First-party evidence for an ocean-technology incubation facility with programs space funding equipment expertise and mentoring,Underwater ISR|Autonomous Patrol And Monitoring,Sensing And ISR|Autonomous Systems,high,active,2026-07-18,Follow tenant cohorts graduations and durable company links,unknown,Program directory,high,Canada,incubator,,monthly,coveocean.com,2026-07-18,none,https://coveocean.com/programs-services/|https://coveocean.com/news/
Build Ventures About,https://www.buildventures.ca/about,investor_profile,First-party mandate and location evidence for an early-stage technology investor focused on Atlantic Canada,,Mission Software And Data,high,active,2026-07-18,Follow portfolio additions fund announcements and exits,unknown,Investor profile,high,Canada,investor_funder,,quarterly,buildventures.ca,2026-07-18,none,https://www.buildventures.ca/investments|https://www.buildventures.ca/post/
Build Ventures Fund II,https://www.buildventures.ca/post/fundii,investor_portfolio,First-party fund announcement and public investment relationship evidence for ProcedureFlow,,Mission Software And Data,high,active,2026-07-18,Follow named investments and fund status,unknown,Fund announcement,moderate,Canada,investor_funder,,quarterly,buildventures.ca,2026-07-18,none,https://www.buildventures.ca/investments
C-CORE,https://c-core.ca/,research_centre_profile,First-party technical mandate and location evidence for research and technology solutions in remote and challenging environments,Arctic Domain Awareness|Underwater ISR,Sensing And ISR|Space And Earth Observation,high,active,2026-07-18,Follow named projects facilities public reports and technology demonstrations,unknown,Research centre profile,high,Canada,research_test_centre,,quarterly,c-core.ca,2026-07-18,none,https://c-core.ca/expertise/|https://c-core.ca/news/
CTS Containers Services,https://ctscontainers.com/services/,company_product_page,First-party evidence for Canadian custom ISO and offshore container design fabrication modification testing and certification,,Advanced Manufacturing And Integration|Test Training And Sustainment,high,active,2026-07-20,Follow public project pages certifications and durable customer or defence project announcements,unknown,Product and service pages,moderate,Canada,company,,quarterly,ctscontainers.com,2026-07-20,No public PA-4 or defence-customer claim found,https://ctscontainers.com/about/|https://ctscontainers.com/our_services/iso-container-modification/
Weatherhaven MECC,https://www.weatherhaven.com/products/expandable-container/mecc/,company_product_page,First-party product evidence for an ISO and CSC transportable expandable container shelter with command medical workshop laboratory and emergency configurations,,Test Training And Sustainment|Advanced Manufacturing And Integration|Communications And Cyber,high,active,2026-07-20,Follow current variants naval uses delivery announcements and approved imagery,unknown,Product page,high,Canada,company,,quarterly,weatherhaven.com,2026-07-20,none,https://www.weatherhaven.com/AboutUs|https://www.weatherhaven.com/Military/workshops
DEW Integrated Shelters,https://www.dewengineering.com/products/shelters,company_product_page,First-party evidence for military-grade rigid expandable and ISO-container shelters integrated as command medical maintenance kitchen and CBRN systems,,Advanced Manufacturing And Integration|Test Training And Sustainment|Communications And Cyber,high,active,2026-07-20,Follow current variants maritime availability and public contract or delivery pages,unknown,Product and case-study pages,high,Canada,company,,quarterly,dewengineering.com,2026-07-20,none,https://www.dewengineering.com/index.php/case-studies/cbrn-decontamination-system|https://www.dewengineering.com/news
Vard Marine Modular Mission Bays,https://vardmarine.com/vard-secures-abs-aip-for-vard-7-115-next-generation-offshore-patrol-vessel/,company_product_page,First-party evidence for naval-platform design with multi-mission bays ISO-container capacity and containerized payload handling,Underwater ISR,Aerospace And Mobility|Advanced Manufacturing And Integration|Sensing And ISR,high,active,2026-07-20,Distinguish delivered vessels from approval-in-principle and concept designs and follow new modular payload integrations,unknown,Product and design announcement pages,high,Canada,company,,quarterly,vardmarine.com,2026-07-20,none,https://vardmarine.com/gallery/vard-7-078/|https://vardmarine.com/vard-marine-launches-a-next-generation-offshore-patrol-vessel-tailored-to-the-future-needs-of-the-royal-canadian-navy/
Navamar Sea-to-Shore Connector,https://www.navamar.com/index.php/english/a-propos/news-about-us/270-testing-see-to-shore,company_project_page,First-party project evidence for modular sea-to-shore connectors built for Royal Canadian Navy Joint Support Ships,,Aerospace And Mobility|Advanced Manufacturing And Integration,high,active,2026-07-20,Confirm final delivery status and follow current modular naval shipbuilding projects,unknown,Project page,high,Canada,company,,quarterly,navamar.com,2026-07-20,none,https://www.navamar.com/index.php/english/|https://www.canada.ca/en/department-national-defence/maple-leaf/rcn/2022/04/ship-shore.html
Ultra Maritime Canada,https://www.canada.ca/en/atlantic-canada-opportunities/campaigns/impacts/ultra-maritime.html,government_company_profile,Government of Canada evidence for Ultra Maritime's Dartmouth manufacturing base Canadian history and Royal Canadian Navy undersea-warfare work,Underwater ISR,Sensing And ISR|Advanced Manufacturing And Integration|Test Training And Sustainment,high,active,2026-07-20,Follow Canadian production program awards local investment and current workforce claims,unknown,Government company profile,high,Canada,company,,quarterly,canada.ca,2026-07-20,none,https://umaritime.com/news-events/|https://umaritime.com/contact-us/
Ultra Maritime Sea Tracker,https://umaritime.com/ultra-maritime-delivers-sea-tracker/,company_project_page,First-party evidence for a modular 20-foot ISO containerized submarine-detection system provided to DRDC with COVE and ACOA support,Underwater ISR|Autonomous Patrol And Monitoring,Sensing And ISR|Autonomous Systems|Advanced Manufacturing And Integration,high,active,2026-07-20,Follow public at-sea trials DRDC experimentation and any durable source explicitly naming the operator-identified PA-4 context,unknown,Project announcement,high,Canada,company,,monthly,umaritime.com,2026-07-20,Public sources reviewed do not use the PA-4 identifier,https://coveocean.com/news/cove-leads-new-at-sea-testing-capability-to-advance-canadas-maritime-security-innovation-and-dual-use-technology-development/|https://umaritime.com/sonar-solutions/towed-sonar-arrays/
Ultra Maritime Towed Sonar Arrays,https://umaritime.com/sonar-solutions/towed-sonar-arrays/,company_product_page,First-party product evidence for Sea Lancer towed arrays and Sea Tracker integration across crewed optionally crewed and uncrewed platforms,Underwater ISR|Autonomous Patrol And Monitoring,Sensing And ISR|Autonomous Systems,high,active,2026-07-20,Follow product data sheets Canadian production evidence contracts and named deployments,unknown,Product family page,high,Canada,company,,quarterly,umaritime.com,2026-07-20,none,https://umaritime.com/sonar-solutions/hull-mounted-sonars-tranducers/|https://umaritime.com/sonobuoy-receivers/sonobuoys/
Ultra Maritime River-Class Support,https://umaritime.com/ultra-maritime-deepens-commitment-to-royal-canadian-navy-with-river-class-lifecycle-support/,company_project_page,First-party evidence for River-class Destroyer engineering support spares readiness sea-trial and acceptance work awarded through Lockheed Martin Canada,Underwater ISR,Test Training And Sustainment|Advanced Manufacturing And Integration|Sensing And ISR,high,active,2026-07-20,Follow milestone completion acceptance in-service support and independent Royal Canadian Navy confirmation,unknown,Contract announcement,moderate,Canada,company,,quarterly,umaritime.com,2026-07-20,none,https://umaritime.com/hull-mounted-sonar-for-lockheed-martin-canada/|https://www.canada.ca/content/dam/rcn-mrc/documents/ships/csc-factsheet-2022-2.pdf
IDEaS How It Works,https://www.canada.ca/en/department-national-defence/programs/defence-ideas/how-ideas-works.html,government_program,Official DND description of the IDEaS mandate investment model and five defence innovation funding elements,All Mission Areas,All Domains,high,active,2026-07-20,Use the mandate and element links to discover challenges funded innovators tests and follow-on adoption evidence,yes,IDEaS subscription and event updates are available,high,Canada,government_innovation_office|company,department|public_program,monthly,canada.ca,2026-07-20,IDEaS already exists as a demand issuer in the canonical database,https://www.canada.ca/en/department-national-defence/programs/defence-ideas/opportunities.html|https://www.canada.ca/en/department-national-defence/programs/defence-ideas/element/competitive-projects.html|https://www.canada.ca/en/department-national-defence/programs/defence-ideas/element/test-drives.html
DRDC Partnerships and Opportunities,https://www.canada.ca/en/defence-research-development/services/partnerships-opportunities.html,government_program,Official DRDC partnership hub for defence science programs industry academia government and allied collaboration,All Mission Areas,All Domains,high,active,2026-07-20,Follow strategic focus areas research programs technology-transfer paths and named public collaborations,unknown,Official page links to programs and partner pathways,high,Canada,government_innovation_office|research_test_centre,research_innovation_agency,quarterly,canada.ca,2026-07-20,DRDC already exists as a demand issuer and its organization kind needs review,https://www.canada.ca/en/defence-research-development/services/science-technology-program.html|https://www.canada.ca/en/defence-research-development/services/capabilities.html|https://pubs.drdc-rddc.gc.ca/pubdocs/search_e.html
Innovative Solutions Canada About,https://ised-isde.canada.ca/site/innovative-solutions-canada/en/about-us,government_program,Official ISED description of the Challenge and Testing streams for Canadian technology research development commercialization and prototype testing,All Mission Areas,All Domains,high,active,2026-07-20,Use program streams to find department challenges funded firms prototypes and pathways to commercialization,yes,Official site offers funding updates and recurring opportunities,high,Canada,government_innovation_office|company,federal_government|department|public_program,monthly,ised-isde.canada.ca,2026-07-20,none,https://ised-isde.canada.ca/site/innovative-solutions-canada/en/challenges|https://ised-isde.canada.ca/site/innovative-solutions-canada/en/testing-stream|https://ised-isde.canada.ca/site/innovative-solutions-canada/en/closed-funding-opportunities
Innovative Solutions Canada Challenge Stream for Government,https://ised-isde.canada.ca/site/innovative-solutions-canada/en/challenge-stream-government,government_program,Official operating guidance for departments to define fund and evaluate challenges through feasibility and prototype phases,All Mission Areas,All Domains,high,active,2026-07-20,Follow department challenge sponsors awards prototypes and procurement pathways to durable issuer and company evidence,unknown,Official operational guidance page,high,Canada,government_innovation_office|company,department|public_program,monthly,ised-isde.canada.ca,2026-07-20,none,https://ised-isde.canada.ca/site/innovative-solutions-canada/en/challenges|https://ised-isde.canada.ca/site/innovative-solutions-canada/en/closed-funding-opportunities
Innovative Solutions Canada Testing Stream for Government,https://ised-isde.canada.ca/site/innovative-solutions-canada/en/testing-stream-government,government_program,Official operating guidance for government and eligible public bodies to test Canadian pre-commercial innovations in real settings,All Mission Areas,All Domains,high,active,2026-07-20,Follow available and matched innovations to official supplier product and testing evidence while preserving the no-endorsement boundary,unknown,Official testing inventory changes over time,high,Canada,government_innovation_office|company,federal_government|department|public_program,monthly,ised-isde.canada.ca,2026-07-20,Dynamic inventory requires freshness checks,https://ised-isde.canada.ca/site/innovative-solutions-canada/en/testing-stream|https://ised-isde.canada.ca/site/innovative-solutions-canada/en/about-us
Northern Operational Support Hubs,https://www.canada.ca/en/department-national-defence/services/northern-operational-support-hubs.html,government_program,Current official program page for a funded network of Arctic hubs and nodes supporting faster longer and more effective CAF operations,Arctic Domain Awareness,Aerospace And Mobility|Test Training And Sustainment|Advanced Manufacturing And Integration|Communications And Cyber|Space And Earth Observation,high,active,2026-07-20,Track site confirmations program implementation dual-use procurements industry engagement and Indigenous partnership updates,yes,Official stakeholder contact and related National Defence updates are published on the program page,high,Canada,company|ecosystem_organization,federal_government|department|armed_forces,monthly,canada.ca,2026-07-20,none,https://www.canada.ca/en/department-national-defence/news/2025/03/minister-blair-announces-first-northern-operational-support-hub-locations.html|https://www.canada.ca/en/department-national-defence/corporate/reports-publications/north-strong-free-2024.html
Our North Strong and Free,https://www.canada.ca/en/department-national-defence/corporate/reports-publications/north-strong-free-2024.html,official_report,Canonical renewed Canadian defence policy and investment framework with Arctic sovereignty infrastructure procurement digital and capability priorities,All Mission Areas,All Domains,high,active,2026-07-20,Follow funded policy implementation pages named programs procurement reforms and departmental reporting,unknown,Canada.ca policy page and PDF may receive addenda or linked implementation material,high,Canada,company|government_innovation_office,federal_government|department|armed_forces,quarterly,canada.ca,2026-07-20,Policy direction should be separated from concrete program or procurement commitments,https://www.canada.ca/en/department-national-defence/services/northern-operational-support-hubs.html|https://www.canada.ca/en/department-national-defence/corporate/reports-publications/departmental-plans/departmental-plan-2025-26.html
Canada Defence Industrial Strategy,https://www.canada.ca/en/department-national-defence/corporate/reports-publications/industrial-strategy/security-sovereignty-prosperity.html,official_report,Whole-of-government defence industrial strategy with current commitments for domestic capacity industry engagement procurement and northern dual-use infrastructure,All Mission Areas,All Domains,high,active,2026-07-20,Follow implementation commitments anticipated procurement inventories industry days regional investments and named delivery agencies,unknown,Official strategy page is the recurring anchor for linked implementation measures,high,Canada,company|investor_funder|ecosystem_organization,federal_government|department|procurement_authority,quarterly,canada.ca,2026-07-20,Keep strategic commitments distinct from open procurement eligibility,https://www.canada.ca/en/department-national-defence/services/northern-operational-support-hubs.html|https://www.canada.ca/en/department-national-defence/corporate/reports-publications/industrial-strategy.html
Lockheed Martin Canada,https://www.lockheedmartin.com/en-ca/index.html,official_company,Canadian prime portfolio covering naval combat systems electronic warfare autonomy integration manufacturing training and sustainment,All Mission Areas,All Domains,high,active,2026-07-20,Follow Canadian product pages program milestones supplier impacts and government contract confirmations,yes,Canadian news and feature pages publish recurring program updates,high,Canada,company,,monthly,lockheedmartin.com,2026-07-20,Some product links use related corporate domains,https://www.f35.com/en-ca/cms330.html|https://www.lockheedmartin.com/en-ca/ew.html|https://www.lockheedmartin.com/en-ca/features/7-things-about-csc.html
General Dynamics Land Systems-Canada,https://www.gdlscanada.com/,official_company,Canadian armoured vehicle prime covering LAV platforms mission variants manufacturing logistics upgrades and fleet support,All Mission Areas,Aerospace And Mobility|Advanced Manufacturing And Integration|Test Training And Sustainment|Sensing And ISR,high,active,2026-07-20,Follow vehicle products Canadian awards fleet upgrades and long-term support announcements,yes,Company news and Government of Canada program releases provide recurring updates,high,Canada,company,,monthly,gdlscanada.com,2026-07-20,none,https://www.gdlscanada.com/about-us/|https://www.pm.gc.ca/en/news/news-releases/2026/07/16/prime-minister-carney-announces-landmark-partnership-general-dynamics
L3Harris Canada,https://www.l3harris.com/en-ca/canada,official_company,Large Canadian defence portfolio spanning WESCAM sensing aircraft missionization communications and multi-fleet in-service support,All Mission Areas,Sensing And ISR|Aerospace And Mobility|Mission Software And Data|Test Training And Sustainment,high,active,2026-07-20,Follow Canadian operating businesses WESCAM products fleet support awards and missionization work,yes,Corporate newsroom and capability pages publish recurring Canadian awards,high,Canada,company,,monthly,l3harris.com,2026-07-20,Portfolio is distributed across multiple operating-business pages,https://www.l3harris.com/all-capabilities/in-service-support-programs|https://www.l3harris.com/all-capabilities/aircraft-implementation
Thales Canada,https://www.thalesgroup.com/en/countries/americas/canada,official_company,Canadian technology prime spanning naval in-service support systems engineering logistics C4ISR optronics avionics cyber and research,All Mission Areas,All Domains,high,active,2026-07-20,Follow AJISS fleet milestones Canadian defence releases and research activity,yes,Country newsroom and global press releases provide recurring updates,high,Canada,company,,monthly,thalesgroup.com,2026-07-20,Some historical English releases resolve as printable PDFs,https://www.thalesgroup.com/en/print/pdf/node/15971|https://www.thalesgroup.com/en/print/pdf/node/14291
CAE Defence and Security,https://www.cae.com/defense-security/who-we-are,official_company,Canadian-headquartered training and operational support prime across air land maritime space and cyber,All Mission Areas,Test Training And Sustainment|Mission Software And Data|Aerospace And Mobility|Communications And Cyber,high,active,2026-07-20,Follow training systems services integration program awards and Canadian aircrew training milestones,yes,Corporate media centre publishes recurring defence awards and program updates,high,Canada,company,,monthly,cae.com,2026-07-20,Defence portfolio is organized across several what-we-do pages,https://www.cae.com/defense-security/what-we-do/training-systems|https://www.cae.com/defense-security/what-we-do/training-services|https://www.cae.com/defense-security/what-we-do/training-systems-integration
Irving Shipbuilding,https://www.jdirving.com/en/our-business-division/shipbuilding-and-industrial-fabrication/irvingshipbuilding/,official_company,National Shipbuilding Strategy combat-vessel shipyard for AOPS Coast Guard variants and River-class Destroyers,Arctic Domain Awareness|Underwater ISR,Advanced Manufacturing And Integration|Aerospace And Mobility|Sensing And ISR|Mission Software And Data|Test Training And Sustainment,high,active,2026-07-20,Follow ship milestones production contracts systems integration supplier activity and delivery announcements,yes,Government of Canada project pages and shipyard news provide recurring milestones,high,Canada,company,,monthly,jdirving.com,2026-07-20,Program evidence is often more detailed on Canada.ca,https://www.canada.ca/en/public-services-procurement/services/acquisitions/defence-marine/national-shipbuilding-strategy/projects/large-vessels/river-class-destroyer.html|https://www.canada.ca/en/department-national-defence/services/procurement/canadian-surface-combatant.html
Seaspan Shipyards,https://www.seaspan.com/seaspan-shipyards/,official_company,West Coast Canadian shipbuilding repair refit lifecycle and electronic integration prime for naval coast guard and research fleets,Arctic Domain Awareness,Advanced Manufacturing And Integration|Aerospace And Mobility|Test Training And Sustainment|Mission Software And Data,high,active,2026-07-20,Follow Joint Support Ships icebreakers science vessels naval refits and systems integration partnerships,yes,Shipyards press releases and program pages publish recurring milestones,high,Canada,company,,monthly,seaspan.com,2026-07-20,none,https://www.seaspan.com/seaspan-shipyards/shipbuilding/|https://www.seaspan.com/program-services/
Rheinmetall Canada,https://www.rheinmetall.com/en/company/subsidiaries/rheinmetall-canada/about-us?sType=ispanitheplug,official_company,Canadian defence systems prime spanning autonomous ground vehicles C4ISR air defence weapons vehicle integration naval protection and sustainment,All Mission Areas,Autonomous Systems|Aerospace And Mobility|Mission Software And Data|Sensing And ISR|Communications And Cyber|Test Training And Sustainment,high,active,2026-07-20,Follow Mission Master Canadian vehicle programs air defence offers CANSEC releases and in-service support awards,yes,Canadian and group newsrooms publish recurring program updates,high,Canada,company,,monthly,rheinmetall.com,2026-07-20,Some official product evidence is distributed as PDFs,https://www.rheinmetall.com/Rheinmetall%20Group/brochure-download/Uncrewed-Systems/B253e1024-Rheinmetall-Mission-Master-family.pdf|https://www.rheinmetall.com/Rheinmetall%20Group/Presse/News/Documents/2026/05/2026-05-26-rheinmetall-at-cansec.pdf
Dominion Dynamics,https://www.ddc2.com/,official_company,Canadian defence technology builder spanning Arctic autonomy sensing communications command and control aerospace simulation and procurement intelligence,Arctic Domain Awareness|Autonomous Patrol And Monitoring|Edge Data Processing,Sensing And ISR|Autonomous Systems|Mission Software And Data|Aerospace And Mobility|Communications And Cyber|Space And Earth Observation,high,active,2026-07-20,Follow AuraNet field deployments Scout ACP development sovereign AI simulation AURION partnerships financing and Canadian facility updates,yes,Official newsroom and platform pages publish recurring product fielding partnership and financing updates,high,Canada,company,,monthly,ddc2.com,2026-07-20,Operational claims in company releases require clear source attribution and should not imply government endorsement,https://www.ddc2.com/news|https://www.ddc2.com/aurion|https://aurion.ddc2.com/
Invest Ottawa,https://www.investottawa.ca/,official_organization,Capital-region technology accelerator and Area X.O operator supporting autonomy communications drones defence security testing and commercialization,All Mission Areas,All Domains,high,active,2026-07-20,Follow IO Accelerator Area X.O NATO DIANA test-centre activity defence strategy and portfolio companies,yes,Official program and news pages provide recurring updates,medium,Canada,accelerator,,monthly,investottawa.ca,2026-07-20,none,https://www.investottawa.ca/venture-path/accelerator/|https://www.investottawa.ca/about-us/faq/
Centech,https://centech.co/en/,official_organization,Montreal deep-tech incubator with aerospace and defence corporate open-innovation programs,All Mission Areas,All Domains,high,active,2026-07-20,Follow Acceleration Propulsion Collision Lab Safran Collins and Thales programs,yes,Official program pages provide recurring cohort and partnership updates,medium,Canada,incubator,,monthly,centech.co,2026-07-20,Some pages are bilingual,https://centech.co/en/corporate-programs/|https://centech.co/en/propulsion-program/
North Forge Technology Exchange,https://www.northforge.ca/,official_organization,Winnipeg incubator accelerator and fabrication lab for technology STEM and advanced manufacturing ventures,All Mission Areas,Advanced Manufacturing And Integration|Test Training And Sustainment,high,active,2026-07-20,Follow Founders Program FabLab AMLab ElevateIP and advanced-manufacturing ventures,yes,Official program and impact pages provide recurring updates,medium,Canada,incubator,,quarterly,northforge.ca,2026-07-20,Direct defence specialization is not established,https://www.northforge.ca/faqs
NRC Industrial Research Assistance Program,https://nrc.canada.ca/en/support-technology-innovation,government_program,National SME advice connections and funding including Defence Industry Assist for Canadian defence and dual-use technologies,All Mission Areas,All Domains,high,active,2026-07-20,Follow Defence Industry Assist calls funding updates international co-innovation and advisor programs,yes,NRC news and program pages provide recurring funding and opportunity updates,high,Canada,government_innovation_office,,monthly,nrc.canada.ca,2026-07-20,National program uses regional advisor network,https://nrc.canada.ca/en/research-development/research-collaboration/defence-research-nrc|https://nrc.canada.ca/en/corporate/contact-us
Business Development Bank of Canada,https://www.bdc.ca/en,official_organization,Federal development bank operating a dedicated Defence Platform for financing advisory services venture investment and ecosystem funds,All Mission Areas,All Domains,high,active,2026-07-20,Follow Defence Platform StrongNorth catalyst investments indirect funds financing and portfolio announcements,yes,BDC media room and defence-sector pages provide recurring updates,high,Canada,investor_funder,,monthly,bdc.ca,2026-07-20,Platform allocations are evolving,https://www.bdc.ca/en/about/mediaroom/news-releases/bdc-boosts-defence-platform-after-providing-financing-names-strong-northfund-leader|https://www.bdc.ca/en/bdc-capital/venture-capital/funds/defence-sector-solutions
PAL Aerospace,https://palaerospace.com/,official_company,Canadian airborne special-mission C4ISR aircraft engineering mission software integration training and sustainment provider,Arctic Domain Awareness|Autonomous Patrol And Monitoring,Sensing And ISR|Mission Software And Data|Aerospace And Mobility|Communications And Cyber,high,active,2026-07-21,Follow Canadian C4ISR special-mission aircraft AIMS software SATCOM training and in-service support announcements,yes,Official newsroom and capability pages publish recurring program updates,high,Canada,company,,monthly,palaerospace.com,2026-07-21,Global operations require keeping Canadian footprint explicit,https://palaerospace.com/c4isr/|https://palaerospace.com/news/|https://palaerospace.com/contact/
Top Aces,https://topaces.com/,official_company,Canadian advanced airborne training provider for adversary air JTAC electronic warfare naval air-defence and test missions,All Mission Areas,Test Training And Sustainment|Aerospace And Mobility,high,active,2026-07-21,Follow Canadian and allied airborne training contracts fleet upgrades live-virtual-constructive activity and RCAF programs,yes,Official news and fleet pages publish recurring training activity,high,Canada,company,,monthly,topaces.com,2026-07-21,Separate Canadian and foreign operating footprints,https://topaces.com/company|https://topaces.com/contact-us/|https://topaces.com/news-events/
IMP Aerospace And Defence,https://www.impaerospaceanddefence.com/,official_company,Canadian integrated aerospace and defence group for fleet support MRO missionization engineering electronics aerostructures and manufacturing,All Mission Areas,Test Training And Sustainment|Aerospace And Mobility|Advanced Manufacturing And Integration,high,active,2026-07-21,Follow RCAF fleet sustainment missionization Cormorant and Tutor work electronics naval land and manufacturing programs,yes,Official news and operating-unit pages provide recurring updates,high,Canada,company,,monthly,impaerospaceanddefence.com,2026-07-21,Operating units may warrant separate records after review,https://www.impaerospaceanddefence.com/who-we-are.php|https://www.impaerospaceanddefence.com/blog/category/news/|https://www.impaerospaceanddefence.com/Brochures/
Magellan Aerospace,https://magellan.aero/,official_company,Canadian-headquartered aerospace manufacturer spanning aeroengines aerostructures rockets satellites military products and overhaul,All Mission Areas,Advanced Manufacturing And Integration|Aerospace And Mobility|Space And Earth Observation,high,active,2026-07-21,Follow Canadian defence production rocket satellite space-domain and future-submarine industrial partnerships,yes,Official newsroom investor and product materials provide recurring updates,high,Canada,company,,monthly,magellan.aero,2026-07-21,Broad global portfolio requires Canadian capability boundaries,https://magellan.aero/contact/|https://magellan.aero/news/|https://magellan.aero/wp-content/uploads/NewSpace%20-%20Digital%20Version.pdf
Gastops,https://www.gastops.com/,official_company,Canadian condition-monitoring diagnostics debris-analysis and predictive-maintenance technology for mission-critical engines and machinery,All Mission Areas,Sensing And ISR|Test Training And Sustainment,high,active,2026-07-21,Follow FluidSIGHT ChipCHECK MetalSCAN IDEaS contracts engine validation naval support and Canadian facility updates,yes,Official news and resources publish recurring product and contract activity,high,Canada,company,,monthly,gastops.com,2026-07-21,Distinguish product validation from fleet-wide adoption,https://www.gastops.com/company/|https://www.gastops.com/news-resources/
Allen-Vanguard,https://www.allenvanguard.com/,official_company,Ottawa electronic-warfare provider for counter-RCIED counter-UAS ECM integration training and field support,All Mission Areas,Communications And Cyber|Sensing And ISR,high,active,2026-07-21,Follow EQUINOX ANCILE electronic-countermeasure upgrades contracts integration partners and operational support announcements,yes,Official capability and news pages publish recurring counter-threat updates,high,Canada,company,,monthly,allenvanguard.com,2026-07-21,Operational effectiveness claims require attributed evidence,https://www.allenvanguard.com/equinox-ng/|https://www.allenvanguard.com/news/
Simthetiq,https://simthetiq.com/,official_company,Montreal simulation company providing interoperable 3D models synthetic terrain visual content and immersive training environments,All Mission Areas,Test Training And Sustainment|Mission Software And Data,high,active,2026-07-21,Follow RCN RCAF NATO simulation contracts synthetic terrain entity libraries Unreal Engine and digital-twin releases,yes,Official news pages publish recurring training and simulation activity,medium,Canada,company,,monthly,simthetiq.com,2026-07-21,Canonical headquarters page is not exposed,https://simthetiq.com/news/|https://simthetiq.com/
QRA Corp,https://qracorp.com/,official_company,Halifax requirements-engineering software provider for complex mission-critical and safety-critical system development,All Mission Areas,Mission Software And Data,high,active,2026-07-21,Follow QVscribe product integrations defence aerospace case studies requirements standards and customer evidence,yes,Official resources and case studies publish recurring product material,medium,Canada,company,,quarterly,qracorp.com,2026-07-21,Vendor-authored case studies require attributed language,https://qracorp.com/faqs/|https://qracorp.com/resources/
Larus Technologies,https://larus.com/,official_company,Ottawa AI company for multi-sensor data fusion simulation predictive analytics video analytics and mission decision support,Autonomous Patrol And Monitoring,Mission Software And Data|Sensing And ISR|Autonomous Systems,high,active,2026-07-21,Follow Total Insight Total Perception Total Vision Total Foresight DND ISC and C4ISR research activity,yes,Official product and news pages publish recurring AI and contract updates,high,Canada,company,,monthly,larus.com,2026-07-21,Keep public contract and testing language distinct from endorsement,https://larus.com/who-we-are/|https://www.larus.com/total-insight/|https://larus.com/news/
Defence Investment Agency,https://www.canada.ca/en/defence-investment-agency.html,government_program,Canadian defence and Coast Guard procurement authority with Build-Partner-Buy industry engagement and major acquisition notices,All Mission Areas,All Domains,high,active,2026-07-21,Follow projects partnerships procurement outcomes industrial strategy and official acquisition announcements,yes,Official agency news and project pages provide recurring demand and procurement evidence,high,Canada,government_innovation_office,procurement_authority,weekly,canada.ca,2026-07-21,Government domain is shared by many agencies so duplicate checks must use canonical paths and names,https://www.canada.ca/en/defence-investment-agency/corporate/news.html|https://www.canada.ca/en/defence-investment-agency/corporate/about.html
Telesat,https://www.telesat.com/,official_company,Ottawa satellite operator providing geostationary and Lightspeed low Earth orbit connectivity for government maritime aeronautical and commercial users,Arctic Domain Awareness|Edge Data Processing,Space And Earth Observation|Communications And Cyber,high,active,2026-07-21,Follow Lightspeed production launches government programs ESCP-P milestones terminals and delivery partnerships,yes,Official newsroom and investor reporting provide recurring program updates,high,Canada,company,,monthly,telesat.com,2026-07-21,Preserve agreement-in-principle language until definitive contract confirmation,https://www.telesat.com/about-us/|https://www.telesat.com/press/press-releases/
Aéro Montréal,https://aeromontreal.ca/en/,official_organization,Quebec aerospace cluster supporting market access supply chains business development defence certification innovation and the NEXUS uncrewed systems hub,Arctic Domain Awareness|Autonomous Patrol And Monitoring,Autonomous Systems|Aerospace And Mobility|Test Training And Sustainment,high,active,2026-07-21,Follow defence working group NEXUS member activity Espace Aéro projects cohorts and market-access programs,yes,Official working group program and event pages publish recurring ecosystem updates,high,Canada,ecosystem_organization,,monthly,aeromontreal.ca,2026-07-21,Keep Aéro Montréal Espace Aéro and NEXUS as distinct identities unless governance approves consolidation,https://aeromontreal.ca/en/chantier-defense-et-securite/|https://aeromontreal.ca/en/chantiers-et-comites/
Genoa Design International,https://genoadesign.com/,official_company,Canadian naval and commercial shipbuilding design firm providing 3D modelling production design digital services and lifecycle support,Underwater ISR|Arctic Domain Awareness,Mission Software And Data|Advanced Manufacturing And Integration|Test Training And Sustainment,high,active,2026-07-21,Follow Navy Coast Guard digital shipbuilding programs CAMSC activity ownership changes and Canadian project awards,yes,Official company newsroom and service pages provide recurring updates,high,Canada,company,,monthly,genoadesign.com,2026-07-21,Do not infer Arctic consortium workshare until publicly assigned,https://genoadesign.com/about-us/|https://genoadesign.com/news/
Newdock,https://newdock.nf.ca/,official_company,St Johns shipyard providing repair refit fabrication emergency docking maintenance and vessel life extension,Arctic Domain Awareness|Underwater ISR,Advanced Manufacturing And Integration|Test Training And Sustainment,high,active,2026-07-21,Follow naval government and commercial refits CAMSC work ownership updates and facility investments,yes,Official shipyard site and releases provide recurring service and ownership evidence,high,Canada,company,,monthly,newdock.nf.ca,2026-07-21,Do not infer Arctic consortium workshare until publicly assigned,https://newdock.nf.ca/
Fisheries and Marine Institute of Memorial University,https://www.mi.mun.ca/,official_organization,Marine education training applied research technology transfer and industrial support across maritime studies ocean technology safety and fisheries,Arctic Domain Awareness|Underwater ISR|Autonomous Patrol And Monitoring,Sensing And ISR|Autonomous Systems|Test Training And Sustainment,high,active,2026-07-21,Follow applied research centres simulators training programs CAMSC work and ocean technology partnerships,yes,Official institute news research and training pages provide recurring updates,high,Canada,research_test_centre,,monthly,mi.mun.ca,2026-07-21,Do not infer Arctic consortium workshare until publicly assigned,https://www.mi.mun.ca/aboutus/|https://www.mi.mun.ca/research/
Arctic Economic Development Corporation,https://www.arcticedc.ca/,official_organization,Canadian Arctic infrastructure and logistics development organization emphasizing Indigenous partnership sovereignty and rapid project delivery,Arctic Domain Awareness,Aerospace And Mobility|Test Training And Sustainment|Mission Software And Data,moderate,active,2026-07-21,Follow QikPort PolArctic CAMSC infrastructure projects partners and public Canadian operating location,yes,Official news partners and project pages provide recurring discovery leads,medium,Canada,ecosystem_organization,,monthly,arcticedc.ca,2026-07-21,Exact Canadian map location remains unresolved and publication should wait,https://www.arcticedc.ca/news|https://www.arcticedc.ca/partners
IRCC Designated Start-up Visa Organizations,https://www.canada.ca/en/immigration-refugees-citizenship/services/immigrate-canada/start-visa/designated-organizations.html,government_directory,Government list of designated Canadian business incubators venture capital funds and angel groups useful for recursive ecosystem discovery,All Mission Areas,All Domains,high,active,2026-07-21,Resolve every named operator to its canonical site and active programs before candidate building,yes,Government directory is updated as designation and program status changes,high,Canada,accelerator|incubator|investor_funder,,monthly,canada.ca,2026-07-21,Designation supports identity and role but not a defence mandate,https://www.canada.ca/en/immigration-refugees-citizenship/services/immigrate-canada/start-visa/participate.html
Communitech,https://communitech.ca/,official_organization,Waterloo Region technology ecosystem operator and Canadian NATO DIANA accelerator site,All Mission Areas,Autonomous Systems|Mission Software And Data|Communications And Cyber|Sensing And ISR,high,active,2026-07-21,Follow NATO DIANA cohorts Canadian participants member directories and dual-use programming,yes,Official programs and news pages publish recurring ecosystem activity,high,Canada,accelerator,,monthly,communitech.ca,2026-07-21,Keep general member support separate from sourced NATO DIANA activity,https://communitech.ca/programs/|https://www.canada.ca/en/department-national-defence/news/2024/03/canadian-test-centres-and-accelerators-join-nato-diana-network.html
Accelerator Centre,https://www.acceleratorcentre.com/,official_organization,Waterloo accelerator operating aerospace autonomy advanced manufacturing and AI programming,Autonomous Patrol And Monitoring|Edge Data Processing,Autonomous Systems|Aerospace And Mobility|Advanced Manufacturing And Integration|Mission Software And Data,high,active,2026-07-21,Follow Aerospace Accelerator cohorts Skywise partnerships validation projects and alumni,yes,Official cohort news and showcase pages provide recurring updates,high,Canada,accelerator,,monthly,acceleratorcentre.com,2026-07-21,Program relevance does not establish defence participation for every cohort company,https://www.acceleratorcentre.com/news/|https://www.acceleratorcentre.com/event-page/aerospace-innovation-showcase/
ventureLAB,https://www.venturelab.ca/,official_organization,Markham hardware and semiconductor incubator with specialized labs commercialization support and defence-readiness programming,Edge Data Processing|Autonomous Patrol And Monitoring,Advanced Manufacturing And Integration|Sensing And ISR|Communications And Cyber|Autonomous Systems,high,active,2026-07-21,Follow Hardware Catalyst cohorts defence-readiness events FedDev awards and lab expansions,yes,Official program cohort news and government funding pages provide recurring leads,high,Canada,incubator,,monthly,venturelab.ca,2026-07-21,Use incubator as the entity kind because that is the current official program language,https://www.venturelab.ca/programs/hardware-catalyst-initiative|https://www.venturelab.ca/news
Creative Destruction Lab,https://creativedestructionlab.com/,official_organization,University-linked science and technology venture program with Defence AI Quantum Space and other deep-tech streams,All Mission Areas,Autonomous Systems|Mission Software And Data|Space And Earth Observation|Communications And Cyber|Sensing And ISR,high,active,2026-07-21,Follow Toronto Defence Quantum Space and AI streams graduate companies and current cohorts,yes,Official site stream and graduate directories provide recurring company discovery,high,Canada,accelerator,,monthly,creativedestructionlab.com,2026-07-21,Preserve site and stream provenance because the network operates internationally,https://creativedestructionlab.com/locations/toronto/|https://creativedestructionlab.com/companies/?location=toronto
Foresight Canada,https://foresightcac.com/,official_organization,National cleantech accelerator connecting Canadian ventures with mentorship industry markets and capital,Arctic Domain Awareness|Autonomous Patrol And Monitoring,Advanced Manufacturing And Integration|Aerospace And Mobility|Autonomous Systems|Sensing And ISR,high,active,2026-07-21,Follow venture cohorts sector programs industry challenges and government-supported commercialization activity,yes,Official program guides and articles publish recurring venture activity,high,Canada,accelerator,,monthly,foresightcac.com,2026-07-21,Do not imply a defence mandate from cleantech or strategic-sector relevance alone,https://foresightcac.com/afa-program-guide|https://foresightcac.com/article/acceleration-program-faqs
NEXT Canada,https://www.nextcanada.com/,official_organization,National founder accelerator operating NEXT 36 NEXT Founders and NEXT AI programs,Edge Data Processing|Autonomous Patrol And Monitoring,Mission Software And Data|Autonomous Systems|Communications And Cyber|Advanced Manufacturing And Integration,high,active,2026-07-21,Follow annual NEXT AI cohorts venture directory alumni and strategic-technology participants,yes,Official cohort and program pages provide recurring venture discovery,high,Canada,accelerator,,monthly,nextcanada.com,2026-07-21,Canadian program participation is not evidence of defence alignment for an individual venture,https://www.nextcanada.com/programs-overview/|https://www.nextcanada.com/2026-cohort/
Innovate Calgary,https://innovatecalgary.com/,official_organization,University of Calgary technology-transfer and business-incubation operator with an Aerospace Innovation Hub,Arctic Domain Awareness|Autonomous Patrol And Monitoring,Aerospace And Mobility|Autonomous Systems|Advanced Manufacturing And Integration,high,active,2026-07-21,Follow Aerospace Innovation Hub accelerator activity seed funding challenges members and partners,yes,Official news documents and program materials provide recurring activity,high,Canada,incubator,,monthly,innovatecalgary.com,2026-07-21,Current hub program and contact details need confirmation when candidate records are refreshed,https://innovatecalgary.com/news/|https://innovatecalgary.com/wp-content/uploads/2023/12/Associate-Director-Aerospace-Innovation-December-21-2023.pdf
DMZ,https://dmz.torontomu.ca/,official_organization,Toronto Metropolitan University technology-startup incubator with pre-incubator incubator and specialized partner programs,Edge Data Processing|Autonomous Patrol And Monitoring,Mission Software And Data|Communications And Cyber|Autonomous Systems,high,active,2026-07-21,Follow incubator cohorts partner programs startup showcases investments and expansion activity,yes,Official program and cohort pages provide recurring startup leads,high,Canada,incubator,,monthly,dmz.torontomu.ca,2026-07-21,Keep DMZ Ventures as a related investment identity rather than merging it without review,https://dmz.torontomu.ca/our-programs|https://dmz.torontomu.ca/incubator
Genesis,https://www.genesiscentre.ca/,official_organization,Newfoundland and Labrador technology-startup hub affiliated with Memorial University,Underwater ISR|Edge Data Processing,Mission Software And Data|Autonomous Systems,high,active,2026-07-21,Follow Evolve Residency Membership cohorts AI Garage founders and local strategic-tech activity,yes,Official program and founder pages provide recurring discovery leads,medium,Canada,incubator,,monthly,genesiscentre.ca,2026-07-21,Broad technology incubation should not be described as defence specialization,https://www.genesiscentre.ca/programs|https://www.genesiscentre.ca/residency
Volta,https://www.voltaeffect.com/,official_organization,Halifax AI-first startup incubator offering validation residency community and commercialization support,Edge Data Processing|Autonomous Patrol And Monitoring,Mission Software And Data|Autonomous Systems|Communications And Cyber,high,active,2026-07-21,Follow AI-first cohorts Residency Catalyst public funding partners and Atlantic technology ventures,yes,Official program and news pages provide recurring founder and program updates,medium,Canada,incubator,,monthly,voltaeffect.com,2026-07-21,Do not infer a defence mandate from AI or Atlantic ecosystem relevance alone,https://www.voltaeffect.com/news/volta-launches-ai-first-support-program|https://www.voltaeffect.com/residency-programs/residency-catalyst
Aerospace Industries Association of Canada,https://aiac.ca/,official_organization,National aerospace industry association with defence space procurement innovation workforce committees and government engagement,All Mission Areas,Aerospace And Mobility|Advanced Manufacturing And Integration|Sensing And ISR|Space And Earth Observation,high,active,2026-07-21,Follow member directory committees Canadian Aerospace Summit defence procurement activity and policy submissions,yes,Official committees events member and news pages provide recurring ecosystem and company leads,high,Canada,ecosystem_organization,,monthly,aiac.ca,2026-07-21,Keep industry advocacy separate from evidence of individual company demand or procurement eligibility,https://aiac.ca/membership/committees/|https://aiac.ca/our-events/|https://aiac.ca/members/
Atlantic Canada Aerospace and Defence Association,https://ac-ada.ca/,official_organization,Regional association connecting and promoting Atlantic Canadian aerospace defence marine security and enabling-technology organizations,All Mission Areas,Aerospace And Mobility|Advanced Manufacturing And Integration|Test Training And Sustainment|Autonomous Systems,high,active,2026-07-21,Follow member directory Atlantic Force Multiplier Fund DEFSEC MASS connector events and regional program partners,yes,Official member event program and news pages provide recurring organization capability and relationship leads,high,Canada,ecosystem_organization,,monthly,ac-ada.ca,2026-07-21,Regional membership does not establish defence specialization for every listed organization,https://ac-ada.ca/members/|https://ac-ada.ca/events/|https://ac-ada.ca/greening-esg-program/
Canadian Marine Industries and Shipbuilding Association,https://www.cmisa.ca/,official_organization,National association representing the Canadian marine industrial base across shipbuilding repair equipment systems defence security and services,Arctic Domain Awareness|Underwater ISR|Autonomous Patrol And Monitoring,Advanced Manufacturing And Integration|Test Training And Sustainment|Sensing And ISR,high,active,2026-07-21,Follow On Watch member directory events procurement notices RFP trails shipbuilding programs and supplier announcements,yes,Official association news contact event and member surfaces provide recurring marine-industry discovery,high,Canada,ecosystem_organization,,monthly,cmisa.ca,2026-07-21,Verify current program labels and contact details before converting discovery material into profile facts,https://www.cmisa.ca/cpages/who-we-are|https://www.cmisa.ca/cpages/contact
Canada's Ocean Supercluster,https://oceansupercluster.ca/,official_organization,Industry-led national ocean innovation cluster spanning fisheries offshore marine transportation defence ocean technology and collaborative commercialization,Arctic Domain Awareness|Underwater ISR|Autonomous Patrol And Monitoring,Sensing And ISR|Autonomous Systems|Ocean Technology|Advanced Manufacturing And Integration,high,active,2026-07-21,Follow Technology Leadership and Innovation Ecosystem projects members awards calls partners and project outcomes,yes,Official project program news and government cluster pages provide recurring company capability program and relationship leads,high,Canada,ecosystem_organization,,monthly,oceansupercluster.ca,2026-07-21,Cluster participation alone does not establish defence alignment for every project or member,https://oceansupercluster.ca/what-we-do/projects/|https://oceansupercluster.ca/news/
NGen,https://www.ngen.ca/,official_organization,Industry-led operator of Canada's Advanced Manufacturing Global Innovation Cluster and collaborative commercialization programs,All Mission Areas,Advanced Manufacturing And Integration|Autonomous Systems|Mission Software And Data|Communications And Cyber,high,active,2026-07-21,Follow funding calls project directories member network industrial AI quantum defence manufacturing and commercialization outcomes,yes,Official funding project and member pages provide recurring Canadian company capability and partnership leads,high,Canada,ecosystem_organization,,monthly,ngen.ca,2026-07-21,Co-investment or membership does not prove procurement status or defence demand,https://www.ngen.ca/funding|https://www.ngen.ca/projects
DIGITAL,https://digitalsupercluster.ca/,official_organization,Canada's Digital Technology Global Innovation Cluster linking builders buyers academia government and partners through co-investment and commercialization,Edge Data Processing|Autonomous Patrol And Monitoring,Mission Software And Data|Communications And Cyber|Autonomous Systems|Sensing And ISR,high,active,2026-07-21,Follow calls program guides project portfolio partners AI cyber autonomy sensing and northern digital initiatives,yes,Official project program call and partner directories provide recurring company capability and relationship leads,high,Canada,ecosystem_organization,,monthly,digitalsupercluster.ca,2026-07-21,Strategic technology relevance is not evidence of defence specialization or procurement eligibility,https://digitalsupercluster.ca/programs-projects/|https://digitalsupercluster.ca/projects/|https://digitalsupercluster.ca/innovate-with-us/call-for-projects/
Scale AI,https://www.scaleai.ca/,official_organization,Canada's artificial intelligence Global Innovation Cluster supporting industry-led projects adoption commercialization training and acceleration,Edge Data Processing|Autonomous Patrol And Monitoring,Mission Software And Data|Autonomous Systems|Communications And Cyber,high,active,2026-07-21,Follow funded projects acceleration partners calls portfolio companies and strategic supply-chain AI applications,yes,Official program project partner and government cluster pages provide recurring Canadian organization and capability leads,high,Canada,ecosystem_organization,,monthly,scaleai.ca,2026-07-21,AI project support does not by itself establish defence alignment or public demand,https://www.scaleai.ca/|https://www.scaleai.ca/province/quebec-en/
Space Canada,https://space-canada.ca/,official_organization,National association for Canadian commercial space innovators across communications Earth observation launch robotics analytics and advanced technologies,Arctic Domain Awareness|Edge Data Processing,Space And Earth Observation|Communications And Cyber|Sensing And ISR|Aerospace And Mobility,high,active,2026-07-21,Follow SpaceBound member announcements policy activity founding companies sector investments and government engagement,yes,Official event member media and contact pages provide recurring space-ecosystem and company leads,high,Canada,ecosystem_organization,,monthly,space-canada.ca,2026-07-21,Do not infer a defence role for every member from sovereignty or dual-use space relevance,https://space-canada.ca/|https://space-canada.ca/media|https://space-canada.ca/contact
Aerial Evolution Association of Canada,https://www.aerialevolution.ca/,official_organization,National Canadian association for remotely piloted and uncrewed aerial systems across industry research regulation education and operations,Arctic Domain Awareness|Autonomous Patrol And Monitoring,Autonomous Systems|Aerospace And Mobility|Sensing And ISR|Communications And Cyber,high,active,2026-07-21,Follow conference speakers exhibitors student competition members regulatory activity and Canadian RPAS companies,yes,Official association conference competition and news pages provide recurring organization capability and relationship leads,high,Canada,ecosystem_organization,,monthly,aerialevolution.ca,2026-07-21,Resolve exact operating location and distinguish industry advocacy from individual supplier claims,https://conference.aerialevolution.ca/|https://www.aerialevolution.ca/news/
Canadian Cyber Threat Exchange,https://cctx.ca/,official_organization,Canadian cross-sector cyber threat-sharing and collaboration hub supporting collective resilience and actionable information exchange,Edge Data Processing,Communications And Cyber|Mission Software And Data,high,active,2026-07-21,Follow threat-sharing programs member activity cross-sector summits anti-scam work public partners and current contact details,yes,Official site releases government statements and summit materials provide recurring relationship and cyber-ecosystem leads,high,Canada,ecosystem_organization,,monthly,cctx.ca,2026-07-21,Verify the current headquarters and do not expose private member intelligence or imply access to restricted threat data,https://cctx.ca/|https://cctx.ca/news/
ANVIL,https://anvil.ai/,official_company,Canadian sovereign defence intelligence and mission-data software company linking intelligence operations planning and AI,Arctic Domain Awareness|Autonomous Patrol And Monitoring|Edge Data Processing,Mission Software And Data|Communications And Cyber|Sensing And ISR,high,active,2026-07-22,Follow platform mission newsroom procurement and durable government-registry evidence for products deployments and public relationships,yes,Official platform mission and government registry pages provide recurring capability and identity evidence,high,Canada,company,,monthly,anvil.ai,2026-07-22,Distinguish company product and interoperability claims from independent operational validation,https://anvil.ai/solutions|https://anvil.ai/mission|https://www.lobbycanada.gc.ca/app/secure/ocl/lrs/do/rgstrnSubjctMttrDtls?regId=987166
Sapper Labs Group,https://sapperlabs.com/,official_company,Canadian veteran-led sovereign intelligence cyber defence secure infrastructure and AI decision-support company,Arctic Domain Awareness|Autonomous Patrol And Monitoring|Edge Data Processing,Mission Software And Data|Communications And Cyber|Sensing And ISR,high,active,2026-07-22,Follow AI platform operational security intelligence services partnership and defence innovation pages,yes,Official capability and newsroom pages plus government program profiles provide recurring evidence,high,Canada,company,,monthly,sapperlabs.com,2026-07-22,Keep customer and mission-proven claims attributed unless independently corroborated,https://sapperlabs.com/ai-platform|https://sapperlabs.com/pages/news|https://www.canada.ca/en/department-national-defence/corporate/video/defence-ideas/sapper-labs.html
Denvr,https://www.denvr.com/,official_company,Canadian sovereign AI cloud compute inference storage and private-platform infrastructure provider,Edge Data Processing,Mission Software And Data|Communications And Cyber,high,active,2026-07-22,Follow private AI platform Canada AI Platform public-sector coalition and sovereign infrastructure announcements,yes,Official platform legal and partner-news pages provide recurring identity capability and relationship evidence,high,Canada,company,,monthly,denvr.com,2026-07-22,Separate general AI infrastructure from defence-specific configurations and monitor corporate filing status,https://www.denvr.com/ai-platform|https://www.denvr.com/terms-of-service|https://sapperlabs.com/pages/news
NovaFuse,https://www.novafuse.ca/,official_company,Ottawa defence AI company developing multimodal sensor-fusion knowledge-graph and tactical-edge decision-support software,Arctic Domain Awareness|Underwater ISR|Autonomous Patrol And Monitoring|Edge Data Processing,Sensing And ISR|Mission Software And Data|Autonomous Systems,moderate,active,2026-07-22,Follow official platform research contract-status and procurement-partnering pages while checking for independently validated deployments,yes,Official capability pages and CanadaBuys supplier material provide recurring evidence and leads,medium,Canada,company,,monthly,novafuse.ca,2026-07-22,Do not describe submitted or under-evaluation IDEaS proposals as awards and attribute performance figures to the company,https://www.novafuse.ca/blog/knowledge-graphs-persistent-tracking.html|https://canadabuys.canada.ca/en/node/preview/1458477
TACTIQL,https://www.tactiql.com/,official_company,Canadian veteran-founded defence data-assurance company building tactical-edge ISR metadata and interoperability software,Arctic Domain Awareness|Autonomous Patrol And Monitoring|Edge Data Processing,Sensing And ISR|Mission Software And Data|Communications And Cyber,high,active,2026-07-22,Follow FULCRUM product updates NATO DIANA activity government testing and integration partnerships,yes,Official product pages government commercialization profiles NATO DIANA and partner announcements provide recurring evidence,high,Canada,company,,monthly,tactiql.com,2026-07-22,Preserve the distinction between the earlier KILO product name and current FULCRUM platform naming,https://www.tactiql.com/cansec|https://www.ised-isde.canada.ca/site/innovative-solutions-canada/en/revolutionizing-defence-interoperability-tactiql|https://www.diana.nato.int/connect/spotlight-on-tactiql-data-assurance-for-multidomain-sensing.html
H2 Analytics,https://www.h2analytics.ca/,official_company,Ottawa defence and intelligence training software company building AI-enabled exercise planning simulation and geospatial solutions,Edge Data Processing,Mission Software And Data|Test Training And Sustainment|Communications And Cyber,high,active,2026-07-22,Follow EASE platform releases DND contract history IRAP contributions and training integration announcements,yes,Official product pages CanadaBuys contracts and federal grant records provide recurring evidence,high,Canada,company,,monthly,h2analytics.ca,2026-07-22,Attribute performance claims to their source and separate professional services from the EASE software product,https://www.h2analytics.ca/ease-platform/|https://canadabuys.canada.ca/en/tender-opportunities/contract-history/cw2428966-000|https://search.open.canada.ca/grants/record/nrc-cnrc%2C172-2024-2025-Q1-1019001%2Ccurrent
Chaac Technologies,https://chaac.tech/,official_company,Montreal AI and geospatial company developing aerial-data analysis digital-twin and mine-detection decision-support systems,Arctic Domain Awareness|Autonomous Patrol And Monitoring|Edge Data Processing,Sensing And ISR|Mission Software And Data|Autonomous Systems,moderate,active,2026-07-22,Follow SHIELDS mine-detection testing government testing-stream listings and georeferenced aerial-data platform updates,yes,Official company announcements and federal innovation listings provide recurring product and test evidence,medium,Canada,company,,monthly,chaac.tech,2026-07-22,Treat company-reported test accuracy as attributed and distinguish eligible-for-sale status from procurement or endorsement,https://chaac.tech/chaac-detection-mines-ia-bfc-gagetown|https://ised-isde.canada.ca/site/innovative-solutions-canada/en/innovations-eligible-additional-sales
ChimeraXR,https://chimeraxr.myshopify.com/,official_company,Ontario mixed-reality and virtual-reality training company serving military law-enforcement and professional training users,Edge Data Processing,Mission Software And Data|Test Training And Sustainment,moderate,active,2026-07-22,Follow Project Spear Mythos scenario-generation and government commercialization listings while resolving current canonical brand ownership,yes,Official product pages and federal innovation investment and grant records provide recurring evidence,medium,Canada,company,,monthly,chimeraxr.com,2026-07-22,Current storefront uses a Shopify domain and a 2024 acquisition notice indicates United States ultimate control requiring reviewer confirmation,https://chimeraxr.myshopify.com/products/chimeraxr-project-mythos|https://ised-isde.canada.ca/site/innovative-solutions-canada/en/innovations-eligible-additional-sales|https://ised-isde.canada.ca/site/investment-canada-act/en/node/207893
Modest Tree,https://www.modesttree.com/,official_company,Halifax modelling simulation immersive-training and digital-twin company serving defence aerospace and complex-equipment operators,Edge Data Processing,Mission Software And Data|Test Training And Sustainment,high,active,2026-07-22,Follow Xplorer Tech Companion defence projects government support and immersive-maintenance training announcements,yes,Official product services contact and newsroom pages plus federal support records provide recurring evidence,high,Canada,company,,monthly,modesttree.com,2026-07-22,Keep vendor-described customer outcomes attributed and distinguish current products from legacy site pages,https://www.modesttree.com/services-old/|https://www.modesttree.com/contact/|https://www.canada.ca/en/atlantic-canada-opportunities/news/2023/12/backgrounder-nova-scotias-aerospace-and-defence-companies-reach-new-heights.html
NORTAC Defence,https://www.nortacdefence.com/,official_company,Ottawa secure command-and-control situational-awareness data-fusion and beyond-line-of-sight communications company,Arctic Domain Awareness|Autonomous Patrol And Monitoring|Edge Data Processing,Mission Software And Data|Communications And Cyber|Sensing And ISR,high,active,2026-08-05,Follow TITAN WAVE ORION TACTICAL sovereign-nationalisation and public-sector funding or deployment announcements,yes,Official product pages factsheets contact information and government investment records provide recurring evidence,high,Canada,company,,monthly,nortacdefence.com,2026-08-05,Separate sovereign source-code availability and design claims from confirmed government adoption; the 2024 TDK PDF was removed and must not remain a live evidence URL,https://www.nortacdefence.com/solutions/|https://www.nortacdefence.com/use-cases/|https://www.nortacdefence.com/patent/|https://www.nortacdefence.com/news/|https://www.canada.ca/en/economic-development-southern-ontario/news/2025/03/government-of-canada-investments-support-six-ai-and-tech-businesses-across-ottawa-region.html|https://search.open.canada.ca/contracts/record/ssc-spc%2CC-2022-2023-Q2-00031|https://search.open.canada.ca/grants/?page=2034&sort=agreement_start_date+desc,public_web,evidence_anchor,technology_update|government_project|contract_award|funding_award,2026-06-01,2026-08-05
AWZ Ventures,https://www.awzventures.com/,investor_portfolio,Canadian security intelligence cyber critical-infrastructure and resilience technology investor with multi-stage funds and a named portfolio,All Mission Areas,Communications And Cyber|Mission Software And Data|Sensing And ISR,high,active,2026-07-22,Follow fund portfolio media and X-Seed pages for security technology companies and public investment relationships,yes,Official fund and portfolio pages provide recurring investor mandate and relationship evidence,high,Canada,investor_funder,,monthly,awzventures.com,2026-07-22,Keep commercial and defensive security claims attributed and distinguish Canadian office location from portfolio company geography,https://www.awzventures.com/our-funds|https://www.awzventures.com/our-portfolio
Radical Ventures,https://radical.vc/,investor_portfolio,Canadian-rooted AI specialist venture fund with portfolio coverage across software infrastructure robotics semiconductors space and strategic technology,All Mission Areas,Mission Software And Data|Autonomous Systems|Space And Earth Observation|Advanced Manufacturing And Integration,high,active,2026-07-22,Follow the portfolio investment pages AI research and Canadian ecosystem commentary for companies and relationships,yes,Official portfolio and investment commentary provide recurring company relationship and technology-theme evidence,high,Canada,investor_funder,,monthly,radical.vc,2026-07-22,Do not infer defence demand from general AI portfolio relevance,https://radical.vc/portfolios/|https://radical.vc/leading-with-talent/
Inovia Capital,https://www.inovia.vc/,investor_portfolio,Canada-anchored full-stack venture firm investing from pre-seed to pre-IPO in software AI cybersecurity infrastructure and developer tools,All Mission Areas,Mission Software And Data|Communications And Cyber,high,active,2026-07-22,Follow active companies Discovery Venture Growth and investment commentary for Canadian strategic-technology companies,yes,Official portfolio team and investment pages provide recurring company and funding relationship evidence,high,Canada,investor_funder,,monthly,inovia.vc,2026-07-22,Confirm the preferred primary map location for the multi-office firm,https://www.inovia.vc/active-companies/|https://www.inovia.vc/conversations-inovia/
Georgian,https://georgian.io/,investor_portfolio,Toronto growth investor in AI infrastructure cybersecurity developer tools physical AI and emerging defence technology,All Mission Areas,Mission Software And Data|Communications And Cyber|Autonomous Systems|Advanced Manufacturing And Integration,high,active,2026-07-22,Follow Pathfinder investments why-we-invested essays portfolio updates and AI Lab activity,yes,Official investment essays and portfolio pages provide recurring mandate relationship and strategic-theme evidence,high,Canada,investor_funder,,monthly,georgian.io,2026-07-22,Keep Pathfinder investment rationale separate from sourced company capability facts,https://georgian.io/posts/why-georgian-invested-in-dominion-dynamics|https://georgian.io/insights
McRock Capital,https://mcrockcapital.com/,investor_portfolio,Canadian industrial software and industrial AI venture investor spanning robotics critical infrastructure manufacturing and operational technology,All Mission Areas,Autonomous Systems|Advanced Manufacturing And Integration|Communications And Cyber|Mission Software And Data,high,active,2026-07-22,Follow portfolio fund-close responsible-investment and industrial AI reporting for current companies and relationships,yes,Official portfolio reports and investment announcements provide recurring strategic-technology and relationship evidence,high,Canada,investor_funder,,monthly,mcrockcapital.com,2026-07-22,Separate broad industrial use cases from explicit defence relevance,https://mcrockcapital.com/our-portfolio/|https://www.mcrockcapital.com/reaching-out/
Vanedge Capital,https://www.vanedgecapital.com/,investor_portfolio,Vancouver early-stage deep-technology investor with Canadian portfolio companies across defence sensing quantum cybersecurity AI and space,All Mission Areas,Autonomous Systems|Sensing And ISR|Communications And Cyber|Space And Earth Observation,high,active,2026-07-22,Follow current and exited company profiles for deep-technology prospects and public investment relationships,yes,Official company directory provides recurring mandate portfolio and relationship evidence,high,Canada,investor_funder,,monthly,vanedgecapital.com,2026-07-22,Validate company status and avoid treating an exited investment as a current relationship,https://www.vanedgecapital.com/companies/
Panache Ventures,https://www.panache.vc/,investor_portfolio,Canada-wide pre-seed venture fund backing AI deep tech quantum advanced manufacturing cybersecurity and enterprise technology,All Mission Areas,Mission Software And Data|Autonomous Systems|Advanced Manufacturing And Integration|Communications And Cyber,high,active,2026-07-22,Follow portfolio sectors office network fund activity and pitch routes for early Canadian strategic-technology companies,yes,Official portfolio and firm pages provide recurring company location and investment relationship evidence,high,Canada,investor_funder,,monthly,panache.vc,2026-07-22,Do not infer defence specialization from broad deep-technology investments,https://www.panache.vc/portfolio
Whitecap Venture Partners,https://www.whitecapvp.com/,investor_portfolio,Toronto venture investor with Canadian technology portfolio coverage across AI software climate industrial and health technology,All Mission Areas,Mission Software And Data|Advanced Manufacturing And Integration,moderate,active,2026-07-22,Follow portfolio and firm updates for Canadian technology companies and funding relationships,yes,Official portfolio pages provide recurring company and investment relationship evidence,medium,Canada,investor_funder,,monthly,whitecapvp.com,2026-07-22,Keep the mandate broad because the public site provides limited sector and stage specificity,https://www.whitecapvp.com/portfolio
Quantacet,https://www.quantacet.com/en/,investor_portfolio,Quebec specialist quantum venture fund investing in computing sensing communications cybersecurity and enabling technologies,All Mission Areas,Communications And Cyber|Sensing And ISR|Advanced Manufacturing And Integration,high,active,2026-07-22,Follow portfolio press releases fund activity government backing and quantum ecosystem relationships,yes,Official portfolio about news and contact pages provide recurring mandate relationship and current-activity evidence,high,Canada,investor_funder,,monthly,quantacet.com,2026-07-22,Keep speculative technology outcomes separate from sourced investment and product facts,https://www.quantacet.com/en/clients/|https://www.quantacet.com/en/news/|https://www.quantacet.com/en/contact-us/
Canadian Venture Capital and Private Equity Association,https://www.cvca.ca/,association,National Canadian venture-capital and private-equity association with member ecosystem market-data policy and event discovery paths,All Mission Areas,All Domains,high,active,2026-07-22,Use member event market-data and policy pages to enumerate Canadian investors then resolve every prospect through official firm and portfolio sources,yes,Association membership and event pages provide recurring investor discovery leads,high,Canada,ecosystem_organization,,monthly,cvca.ca,2026-07-22,Treat association material as discovery and corroborate firm mandates and investments on primary sources,https://www.cvca.ca/membership/|https://www.cvca.ca/events/
Sentinel Advanced Military Solutions,https://www.sentinel-ams.com/,company_site,Official Canadian defence systems integrator profile covering deployable infrastructure edge manufacturing modular systems power and counter-UAS,Autonomous Patrol And Monitoring|Edge Data Processing,Autonomous Systems|Sensing And ISR|Communications And Cyber|Test Training And Sustainment|Advanced Manufacturing And Integration,high,active,2026-07-23,Revisit the capability sitemap and any future durable newsroom pages for named systems technical changes and public program relationships,no,Current site is a compact static corporate and capability profile without a separate newsroom,low,Canada,company,,monthly,sentinel-ams.com,2026-07-23,Specific CANSEC product names currently appear mainly through LinkedIn discovery and require durable corroboration,https://www.sentinel-ams.com/capabilities|https://www.sentinel-ams.com/about|https://www.sentinel-ams.com/careers,public_web,evidence_anchor,technology_launch|technology_update|partnership_or_consortium,2026-07-23,2026-07-23
Sentinel AMS Capabilities,https://www.sentinel-ams.com/capabilities,company_site,Official capability portfolio for the Star Forge modular ecosystem edge manufacturing digital stockpiles modular enclosures hybrid power and layered UAS and counter-UAS,Autonomous Patrol And Monitoring|Edge Data Processing,Autonomous Systems|Sensing And ISR|Communications And Cyber|Test Training And Sustainment|Advanced Manufacturing And Integration,high,active,2026-07-23,Monitor for durable specifications deployments maturity indicators and named sub-system pages,no,The current portfolio is presented on one durable capability page,low,Canada,company,,monthly,sentinel-ams.com,2026-07-23,Portfolio descriptions are concrete but do not yet provide technical specifications or customer deployments,https://www.sentinel-ams.com/|https://www.sentinel-ams.com/markets,public_web,evidence_anchor,technology_launch|technology_update,2026-07-23,2026-07-23
CMP Advanced Mechanical Solutions Canadian Operations,https://www.cmpdifference.com/contact,company_site,Official parent-company location and manufacturing-capacity evidence for Sentinel AMS operations in Chateauguay Quebec,All Mission Areas,Advanced Manufacturing And Integration|Test Training And Sustainment,high,active,2026-07-23,Use the Quebec site and defence infrastructure pages to corroborate Sentinel location manufacturing scale and parent relationship,no,Official parent site has contact industry service and insight pages rather than a dedicated recurring feed,low,Canada,company,,quarterly,cmpdifference.com,2026-07-23,Parent-company evidence supports Sentinel location and industrial backing but should not be used to overstate Sentinel-specific delivery history,https://www.cmpdifference.com/about|https://www.cmpdifference.com/industries,public_web,evidence_anchor,technology_update|partnership_or_consortium,2026-07-23,2026-07-23
CANSEC 2026 Media Kit,https://online.flippingbook.com/view/167012545/,conference,Official CADSI media kit identifying Canadian defence exhibitors including Sentinel Advanced Military Solutions and explaining exhibitor membership eligibility,All Mission Areas,All Domains,high,active,2026-07-23,Use exhibitor pages to identify Canadian defence companies then resolve capabilities through company and government sources,no,Annual event artifact rather than a recurring feed,high,Canada,company|ecosystem_organization,,annual,defenceandsecurity.ca,2026-07-23,Hosted through FlippingBook but attributable to CADSI and page-addressable,https://online.flippingbook.com/view/167012545/4/|https://online.flippingbook.com/view/167012545/9/,public_web,strong_corroboration,program_or_cohort_participation,2026-07-23,2026-07-23
FounderFuel,https://founderfuel.com/,official_organization,Montreal venture accelerator with an intensive founder program mentor network Demo Day and public alumni directory,All Mission Areas,Mission Software And Data|Autonomous Systems|Communications And Cyber|Advanced Manufacturing And Integration,high,active,2026-07-30,Follow program applications alumni Demo Day and operator partnerships for Canadian technology-company leads,yes,Official blog alumni and application pages provide recurring venture and cohort updates,high,Canada,accelerator,,monthly,founderfuel.com,2026-07-30,Do not infer defence alignment from accelerator participation,https://founderfuel.com/about/|https://founderfuel.com/companies/|https://founderfuel.com/blog/,public_web,evidence_anchor,program_or_cohort_participation|financing_or_ownership_event|partnership_or_consortium,2026-07-30,2026-07-30
Propel ICT,https://www.propelict.com/,official_organization,Atlantic Canadian virtual technology accelerator supporting founders from validation through traction and growth,All Mission Areas,Mission Software And Data|Autonomous Systems|Communications And Cyber,high,active,2026-07-30,Follow accelerator intake alumni stories Atlantic startup activity and public funding partners,yes,Official blog and cohort materials provide recurring founder and program updates,high,Canada,accelerator,,monthly,propelict.com,2026-07-30,The current delivery model is virtual and should not be represented as a physical office,https://www.propelict.com/about-us/our-organization|https://www.propelict.com/apply|https://www.propelict.com/blog,public_web,evidence_anchor,program_or_cohort_participation|partnership_or_consortium,2026-07-30,2026-07-30
Spring Activator,https://spring.is/,official_organization,Vancouver-rooted impact accelerator and investor-learning platform supporting purpose-driven founders and capital networks,All Mission Areas,Mission Software And Data|Advanced Manufacturing And Integration,high,active,2026-07-30,Follow Scale Ready Impact Startup Visa investment programs partners and founder alumni,yes,Official programs stories and impact-report pages provide recurring ecosystem activity,medium,Canada,accelerator,,monthly,spring.is,2026-07-30,Impact mandate is broad and does not establish defence specialization,https://spring.is/programs/scale-ready/|https://spring.is/programs/global-impact-startup-visa-program/|https://spring.is/stories/,public_web,evidence_anchor,program_or_cohort_participation|financing_or_ownership_event|partnership_or_consortium,2026-07-30,2026-07-30
Highline Beta,https://www.highlinebeta.com/,official_organization,Toronto venture studio and corporate innovation operator that builds and delivers challenge-led accelerator programs,All Mission Areas,Mission Software And Data|Autonomous Systems|Communications And Cyber,high,active,2026-07-30,Follow venture-studio programs corporate accelerator launches portfolios pilots and investment activity,yes,Official resources and program announcements provide recurring corporate-startup activity,medium,Canada,accelerator,,monthly,highlinebeta.com,2026-07-30,The current organization also operates as a venture studio and investor so classification requires review,https://www.highlinebeta.com/venture-studios|https://www.highlinebeta.com/resources|https://www.highlinebeta.com/contact-us,public_web,evidence_anchor,program_or_cohort_participation|partnership_or_consortium|financing_or_ownership_event,2026-07-30,2026-07-30
Alacrity Canada,https://www.alacritycanada.com/,official_organization,Victoria non-profit technology accelerator delivering Canadian market-entry and venture-growth programs,All Mission Areas,Mission Software And Data|Communications And Cyber|Advanced Manufacturing And Integration,high,active,2026-07-30,Follow APEX ARC Lab Startup Visa cohorts impact reporting and government-supported programs,yes,Official programs impact and news pages provide recurring founder and program updates,medium,Canada,accelerator,,monthly,alacritycanada.com,2026-07-30,Startup Visa status and program terms should be checked against current federal policy,https://www.alacritycanada.com/programs|https://www.alacritycanada.com/impact|https://www.alacritycanada.com/about,public_web,evidence_anchor,program_or_cohort_participation|partnership_or_consortium,2026-07-30,2026-07-30
District 3,https://www.district3.co/,official_organization,Concordia-linked Montreal innovation hub and accelerator supporting high-tech health bio and social ventures,All Mission Areas,Mission Software And Data|Advanced Manufacturing And Integration|Sensing And ISR,high,active,2026-07-30,Follow validation Launch and Grow sector programs cohorts and Concordia research commercialization activity,yes,Official program and news pages provide recurring venture and program updates,high,Canada,accelerator,,monthly,district3.co,2026-07-30,The organization also describes itself as an incubator and hub so accelerator classification requires review,https://www.district3.co/programs|https://www.district3.co/news|https://www.concordia.ca/research/d3.html,public_web,evidence_anchor,program_or_cohort_participation|partnership_or_consortium,2026-07-30,2026-07-30
ACET,https://acet.ca/en/,official_organization,Sherbrooke technology-company accelerator with coaching commercialization support university programs and linked investment funds,All Mission Areas,Mission Software And Data|Advanced Manufacturing And Integration|Sensing And ISR|Communications And Cyber,high,active,2026-07-30,Follow ACET Boost startup portfolios commercialization programs Quantacet relationships and public support,yes,Official program news and portfolio pages provide recurring technology-company activity,high,Canada,accelerator,,monthly,acet.ca,2026-07-30,ACET has linked investment entities that should remain distinct canonical organizations,https://acet.ca/en/acet/about/|https://acet.ca/en/|https://acet.ca/en/contact/,public_web,evidence_anchor,program_or_cohort_participation|financing_or_ownership_event|partnership_or_consortium,2026-07-30,2026-07-30
LE CAMP,https://lecampquebec.com/en/,official_organization,Quebec City technology accelerator supporting innovative companies from pre-startup through international expansion,All Mission Areas,Mission Software And Data|Advanced Manufacturing And Integration|Autonomous Systems|Communications And Cyber,high,active,2026-07-30,Follow acceleration programs portfolio companies public funding partner agreements and technology-commercialization activity,yes,Official press company and program pages provide recurring venture and partnership updates,high,Canada,accelerator,,monthly,lecampquebec.com,2026-07-30,The bilingual site is JavaScript-backed but durable canonical pages and sitemaps are available,https://lecampquebec.com/en/contact|https://lecampquebec.com/en/press|https://lecampquebec.com/en/companies,public_web,evidence_anchor,program_or_cohort_participation|partnership_or_consortium|financing_or_ownership_event,2026-07-30,2026-07-30
Cycle Momentum,https://cyclemomentum.com/,official_organization,Montreal climate-technology accelerator and open-innovation platform with specialized commercialization and investment-matching programs,All Mission Areas,Advanced Manufacturing And Integration|Autonomous Systems|Sensing And ISR|Mission Software And Data,high,active,2026-07-30,Follow active acceleration programs Lab-to-Startup Origo cohorts investments partnerships and impact reports,yes,Official news program and quarterly-update pages provide recurring climate-technology activity,high,Canada,accelerator,,monthly,cyclemomentum.com,2026-07-30,Keep Cycle Momentum distinct from its founder and related investor Cycle Capital,https://cyclemomentum.com/startups/|https://cyclemomentum.com/our-news/|https://cyclemomentum.com/our-programs/,public_web,evidence_anchor,program_or_cohort_participation|financing_or_ownership_event|partnership_or_consortium,2026-07-30,2026-07-30
Accelerate Okanagan,https://accelerateokanagan.com/,official_organization,Okanagan technology accelerator and ecosystem operator supporting startups and growth-stage companies through mentorship programs and workspaces,All Mission Areas,Mission Software And Data|Advanced Manufacturing And Integration|Autonomous Systems,high,active,2026-07-30,Follow ThreeSixty Delta Fundable AccelerateIP member directory partners and regional technology news,yes,Official blog member and program pages provide recurring venture and ecosystem activity,high,Canada,accelerator,,monthly,accelerateokanagan.com,2026-07-30,Regional ecosystem-operator functions overlap with accelerator classification and should remain visible in review,https://accelerateokanagan.com/about/|https://accelerateokanagan.com/entrepreneurs/threesixty/|https://accelerateokanagan.com/blog/,public_web,evidence_anchor,program_or_cohort_participation|partnership_or_consortium,2026-07-30,2026-07-30
Launch Academy,https://www.launchacademy.ca/,official_organization,Vancouver technology incubator and accelerator supporting Canadian and international founders through education mentorship programs and market-entry services,All Mission Areas,Mission Software And Data|Communications And Cyber|Advanced Manufacturing And Integration,high,active,2026-07-30,Follow accelerator programs Maple cohorts founder profiles market-entry activity and partner announcements,yes,Official blog program and community pages provide recurring founder and program updates,medium,Canada,accelerator,,monthly,launchacademy.ca,2026-07-30,The organization self-identifies as both incubator and accelerator so taxonomy classification requires review,https://www.launchacademy.ca/our-team/|https://www.launchacademy.ca/our-programs/|https://www.launchacademy.ca/blog/,public_web,evidence_anchor,program_or_cohort_participation|partnership_or_consortium,2026-07-30,2026-07-30
Canadian Space Agency STDP AO 9 awards,https://www.asc-csa.gc.ca/eng/funding-programs/programs/stdp/contributions-awarded-under-the-stdp-ao-9.asp,government_program,Official 2025 award roster for 18 Canadian space companies and 20 advanced technology projects,Arctic Domain Awareness|Edge Data Processing,Space And Earth Observation|Communications And Cyber|Advanced Manufacturing And Integration,high,active,2026-08-06,Follow named recipients into official product pages federal contribution records and later technical milestones,yes,Official award page and CSA RSS provide recurring space-technology activity,high,Canada,company,Canadian Space Agency,quarterly,asc-csa.gc.ca,2026-08-06,Program awards establish funded research and not procurement operational adoption or defence endorsement,https://www.asc-csa.gc.ca/eng/funding-programs/programs/stdp/about.asp|https://www.asc-csa.gc.ca/eng/funding-programs/programs/stdp/contributions-awarded-under-the-stdp.asp,public_web,evidence_anchor,government_project|financing_or_ownership_event|technology_update,2026-08-06,2026-08-06
Government of Canada grants and contributions search,https://search.open.canada.ca/grants/,government_dataset,Federal recipient legal names locations agreement periods project descriptions and program identifiers for public contributions,All Mission Areas,All Domains,high,active,2026-08-06,Search exact legal and operating names then pair each record with canonical organization and technical sources,yes,Searchable federal dataset provides recurring organization and project evidence,high,Canada,company|research_test_centre|ecosystem_organization,All federal grant and contribution issuers,monthly,open.canada.ca,2026-08-06,Contribution records do not establish procurement customer adoption or completed delivery,https://search.open.canada.ca/grants/,public_web,evidence_anchor,government_project|financing_or_ownership_event|technology_update,2026-08-06,2026-08-06
True North Precision challenge,https://www.canada.ca/en/department-national-defence/programs/defence-ideas/element/competitive-projects/challenges/true-north-precision.html,government_program,Official Canadian Army low-cost drone laser-ranging challenge with measurable outcomes for cueing and indirect-fire adjustment,Autonomous Patrol And Monitoring|Edge Data Processing,Sensing And ISR|Autonomous Systems|Aerospace And Mobility,high,active,2026-08-06,Follow award notices validation activities and named innovators after the challenge closes,yes,Official challenge page can yield award and validation updates,high,Canada,company,Department of National Defence,monthly,canada.ca,2026-08-06,Challenge requirements are public demand evidence and do not prove a candidate solution meets them,https://www.canada.ca/en/department-national-defence/news/2026/05/the-canadian-army-launches-minerva-initiatives-first-innovation-challenge.html|https://www.canada.ca/en/army/services/army-modernization/minerva-initiative/innovation.html,public_web,evidence_anchor,public_need_update|government_project|evaluation_or_trial,2026-05-21,2026-08-06
Speed Meets Strategy hypersonic research network,https://www.canada.ca/en/department-national-defence/programs/defence-ideas/element/innovation-networks/challenges/speed-meets-strategy.html,government_program,Official DND hypersonic research network covering propulsion aerodynamics guidance detection materials and operational integration,Arctic Domain Awareness|Edge Data Processing,Aerospace And Mobility|Sensing And ISR|Advanced Manufacturing And Integration|Mission Software And Data,high,active,2026-08-06,Follow network selections project teams publications and durable Canadian company or university spinout evidence,yes,Official network updates can yield named research teams technologies and proof events,medium,Canada,company|research_test_centre,Department of National Defence,quarterly,canada.ca,2026-08-06,Research themes establish public technical demand and not a company-specific contract or fielded capability,https://www.canada.ca/fr/ministere-defense-nationale/programmes/idees-defense/element/reseaux-innovation/defis/vitesse-rencontre-strategie.html,public_web,evidence_anchor,public_need_update|government_project|evaluation_or_trial,2026-08-06,2026-08-06
Apsis Science and Technology official site,https://www.apsistech.com/,company_site,Official Montreal engineering company identity and product-development services,Arctic Domain Awareness|Edge Data Processing,Space And Earth Observation|Communications And Cyber|Advanced Manufacturing And Integration,high,active,2026-08-06,Follow low-Earth-orbit software-defined-radio engineering models technical releases and flight qualification evidence,yes,Official pages provide recurring identity service and product-development evidence,medium,Canada,company,,monthly,apsistech.com,2026-08-06,Current radio capability detail is anchored primarily in a federal development agreement,https://www.apsistech.com/about|https://www.apsistech.com/services|https://www.apsistech.com/blog,public_web,evidence_anchor,technology_update|government_project,2026-08-06,2026-08-06
Perceptive Space Systems official site,https://perceptivespace.com/,company_site,Official Ontario AI space-environment intelligence company and Horizon Shield discovery source,Arctic Domain Awareness|Edge Data Processing,Space And Earth Observation|Mission Software And Data|Communications And Cyber,high,active,2026-08-06,Follow pilot announcements space-weather model validation asset-specific forecasts and government program evidence,yes,Official blog careers and product pages provide recurring company activity,high,Canada,company,,monthly,perceptivespace.com,2026-08-06,Early-access pilot language requires named durable corroboration before customer or deployment claims,https://perceptivespace.com/blog/introducing-perceptive|https://perceptivespace.com/privacy,public_web,evidence_anchor,technology_launch|technology_update|partnership_or_consortium,2026-08-06,2026-08-06
Foundation Space Resources official site,https://fsr.space/,company_site,Official Calgary lunar digital-twin and space-resource planning company,Edge Data Processing,Space And Earth Observation|Mission Software And Data|Test Training And Sustainment,high,active,2026-08-06,Follow Lunar Digital Twin releases simulation interfaces validation users and CSA-supported milestones,yes,Official news pages provide recurring project and partnership updates,medium,Canada,company,,monthly,fsr.space,2026-08-06,Current evidence is lunar-focused and has no direct published defence deployment,https://fsr.space/posts/2025/10/foundation-space-resources-secures-250000-from-the-canadian-space-agency-to-develop-a-digital-twin-of-the-moon/|https://fsr.space/posts/,public_web,evidence_anchor,technology_update|government_project|partnership_or_consortium,2025-10-01,2026-08-06
Quaternion Aerospace official site,https://www.quaternionaerospace.com/,company_site,Official Victoria aerospace company developing nanosatellite platforms and modular uncrewed-aircraft payloads,Arctic Domain Awareness|Autonomous Patrol And Monitoring,Space And Earth Observation|Sensing And ISR|Advanced Manufacturing And Integration,high,active,2026-08-06,Follow nanosatellite subsystem releases flight heritage CONDOR magnetic-anomaly payload work and named integration partners,yes,Official news and project pages provide recurring technology milestones,high,Canada,company,,monthly,quaternionaerospace.com,2026-08-06,Funded projects remain development-stage until flight or field proof is published,https://www.quaternionaerospace.com/news,public_web,evidence_anchor,technology_update|government_project|evaluation_or_trial,2026-02-01,2026-08-06
MPB Communications official site,https://www.mpbcommunications.com/,company_site,Official Pointe-Claire space-photonics optical amplifier laser sensor and payload company,Arctic Domain Awareness|Edge Data Processing,Space And Earth Observation|Communications And Cyber|Advanced Manufacturing And Integration,high,active,2026-08-06,Follow CubeSat low-SWaP amplifier qualification flight models ground stations and named partner missions,yes,Official news product and event pages provide recurring technology activity,high,Canada,company,,monthly,mpbcommunications.com,2026-08-06,Product performance and flight status require project-specific technical or independent evidence,https://www.mpbcommunications.com/en/space-amplifiers|https://www.mpbcommunications.com/en/news,public_web,evidence_anchor,technology_update|government_project|partnership_or_consortium,2026-08-06,2026-08-06
Scalium Plus official site,https://www.scaliumplus.com/,company_site,Official Ferreol Technologies aluminum-scandium alloy product and commercial contact source,Arctic Domain Awareness,Advanced Manufacturing And Integration|Space And Earth Observation|Aerospace And Mobility,high,active,2026-08-06,Follow aerospace plate scale-up characterization standards integrators qualification and Canadian satellite applications,yes,Official product pages provide recurring material formats and commercialization updates,medium,Canada,company,,monthly,scaliumplus.com,2026-08-06,Ferreol legal identity and aerospace project scope require federal contribution corroboration,https://www.scaliumplus.com/en-ca/collections/frontpage|https://www.scaliumplus.com/en-ca/pages/about,public_web,evidence_anchor,technology_update|government_project,2026-08-06,2026-08-06
Bubble Technology Industries official site,https://bubbletech.ca/,company_site,Official Chalk River radiation and explosives detection company with deployable FlexSpec systems,Autonomous Patrol And Monitoring|Edge Data Processing,Sensing And ISR|Mission Software And Data|Aerospace And Mobility,high,active,2026-08-06,Follow FlexSpec deployments current specifications defence and security projects space payloads and official customer evidence,yes,Official products news and technical data sheets provide recurring capability and activity evidence,high,Canada,company,,monthly,bubbletech.ca,2026-08-06,Do not infer CAF acquisition or deployment from research contributions or general client lists,https://bubbletech.ca/flexspec/|https://bubbletech.ca/product_application/defence-aerospace/|https://bubbletech.ca/product/flexspec-mobile/,public_web,evidence_anchor,technology_update|government_project|evaluation_or_trial,2026-08-06,2026-08-06
Rocket Lab satellite components,https://rocketlabcorp.com/space-systems/satellite-components/reaction-wheels/,company_site,Official reaction-wheel product family developed in Toronto by Rocket Lab Space Systems,Arctic Domain Awareness,Space And Earth Observation|Advanced Manufacturing And Integration|Aerospace And Mobility,high,active,2026-08-06,Follow medium-spacecraft reaction-wheel qualification production and named Canadian mission evidence,yes,Official component pages data sheets and mission documents provide recurring product evidence,high,Canada,company,,monthly,rocketlabcorp.com,2026-08-06,Keep the Canadian legal entity and Toronto operation distinct from the multinational parent portfolio,https://rocketlabcorp.com/space-systems/satellite-components/star-trackers-and-reaction-wheels/|https://rocketlabcorp.com/news/,public_web,evidence_anchor,technology_update|government_project|partnership_or_consortium,2026-08-06,2026-08-06
Xona Space Systems official site,https://www.xonaspace.com/,company_site,Official LEO positioning navigation and timing company with a Canadian legal entity and Arctic research activity,Arctic Domain Awareness|Autonomous Patrol And Monitoring,Space And Earth Observation|Communications And Cyber|Autonomous Systems,high,active,2026-08-06,Follow Pulsar in-orbit tests Canadian receiver work Arctic service milestones and independently supported resilience results,yes,Official product and newsroom pages provide recurring service and technology updates,high,Canada,company,,monthly,xonaspace.com,2026-08-06,Planned constellation availability and comparative anti-jam claims require independent validation,https://www.xonaspace.com/pulsar|https://www.xonaspace.com/news/press,public_web,evidence_anchor,technology_update|government_project|evaluation_or_trial,2026-06-08,2026-08-06
Orbital Research official site,https://www.orbitalresearch.net/,company_site,Official Burnaby satellite communications and space-rated microwave converter manufacturer,Arctic Domain Awareness|Edge Data Processing,Communications And Cyber|Space And Earth Observation|Advanced Manufacturing And Integration,high,active,2026-08-06,Follow Ka-band and X-band converter flight qualification software-defined satellite integrations and customer missions,yes,Official products and news provide recurring technical and program evidence,high,Canada,company,,monthly,orbitalresearch.net,2026-08-06,Product availability and CSA development do not establish a flight customer or operational mission,https://www.orbitalresearch.net/collections/space-based-frequency-converters|https://www.orbitalresearch.net/blogs/news/orbital-research-selected-for-canadian-space-development-initiative,public_web,evidence_anchor,technology_update|government_project|partnership_or_consortium,2025-03-10,2026-08-06
